Build started 8/12/2026 4:25:04 AM.
Logging verbosity is set to: Detailed.Enabled loggers: ConsoleLogger, CentralForwardingLogger, CentralForwardingLogger, FileLogger, InternalTelemetryConsumingLogger, InternalTelemetryForwardingLogger
Process = "C:\Program Files (x86)\Microsoft Visual Studio\18\BuildTools\MSBuild\Current\Bin\MSBuild.exe"
MSBuild executable path = "C:\Program Files (x86)\Microsoft Visual Studio\18\BuildTools\MSBuild\Current\Bin\MSBuild.exe"
Command line arguments = ""C:\Program Files (x86)\Microsoft Visual Studio\18\BuildTools\MSBuild\Current\Bin\MSBuild.exe" c:\Users\malak\Desktop\myprojects\HospitalManagementSystem\HospitalManagementSystem.Web\HospitalManagementSystem.Web.csproj /t:Rebuild /p:Configuration=Release "/p:VSToolsPath=C:\Program Files (x86)\Microsoft Visual Studio\18\BuildTools\MSBuild\Microsoft\VisualStudio\v18.0" /v:minimal /fl /flp:logfile=c:\Users\malak\Desktop\myprojects\HospitalManagementSystem\build-controls.log"
Current directory = "C:\Users\malak\Desktop\myprojects\HospitalManagementSystem"
MSBuild version = "18.8.2+ce25c0108"
Based on the Windows registry key LongPathsEnabled, the LongPaths feature is enabled.
Based on the Windows registry key VerifiedAndReputablePolicyState, SAC state = 0: turned off.
Some command line switches were read from the auto-response file "C:\Program Files (x86)\Microsoft Visual Studio\18\BuildTools\MSBuild\Current\Bin\MSBuild.rsp". To disable this file, use the "-noAutoResponse" switch.

Property reassignment: $(MSBuildExtensionsPath)="C:\Program Files (x86)\Microsoft Visual Studio\18\BuildTools\MSBuild" (previous value: "C:\Program Files (x86)\MSBuild") at 
Property reassignment: $(MSBuildExtensionsPath32)="C:\Program Files (x86)\Microsoft Visual Studio\18\BuildTools\MSBuild" (previous value: "C:\Program Files (x86)\MSBuild") at 
The "Configuration" property is a global property, and cannot be modified.
C:\Program Files (x86)\Microsoft Visual Studio\18\BuildTools\MSBuild\Current\Bin\Microsoft.CSharp.CurrentVersion.targets(26,115): message : Property 'MSBuildUserExtensionsPath' with value 'C:\Users\malak\AppData\Local\Microsoft\MSBuild' expanded from the environment.
Search paths being used for $(MSBuildExtensionsPath) are C:\Program Files (x86)\Microsoft Visual Studio\18\BuildTools\MSBuild;$(MSBuildProgramFiles32)\MSBuild
C:\Program Files (x86)\Microsoft Visual Studio\18\BuildTools\MSBuild\Current\Bin\Roslyn\Microsoft.CSharp.Core.targets(213,5): message : Property reassignment: $(CommandLineArgsForDesignTimeEvaluation)="-langversion:7.3 -define:TRACE" (previous value: "-langversion:7.3") at C:\Program Files (x86)\Microsoft Visual Studio\18\BuildTools\MSBuild\Current\Bin\Roslyn\Microsoft.CSharp.Core.targets (213,5)
Search paths being used for $(MSBuildExtensionsPath) are C:\Program Files (x86)\Microsoft Visual Studio\18\BuildTools\MSBuild;$(MSBuildProgramFiles32)\MSBuild
Trying to import C:\Program Files (x86)\Microsoft Visual Studio\18\BuildTools\MSBuild\$(MSBuildToolsVersion)\Microsoft.Common.props using extensions path C:\Program Files (x86)\Microsoft Visual Studio\18\BuildTools\MSBuild
C:\Program Files (x86)\Microsoft Visual Studio\18\BuildTools\MSBuild\Current\Microsoft.Common.props(60,5): message : Property reassignment: $(MSBuildProjectExtensionsPath)="c:\Users\malak\Desktop\myprojects\HospitalManagementSystem\HospitalManagementSystem.Web\obj\" (previous value: "obj\") at C:\Program Files (x86)\Microsoft Visual Studio\18\BuildTools\MSBuild\Current\Microsoft.Common.props (60,5)
Search paths being used for $(MSBuildExtensionsPath) are C:\Program Files (x86)\Microsoft Visual Studio\18\BuildTools\MSBuild;$(MSBuildProgramFiles32)\MSBuild
Trying to import C:\Program Files (x86)\Microsoft Visual Studio\18\BuildTools\MSBuild\$(MSBuildToolsVersion)\Imports\Microsoft.Common.props\ImportBefore\* using extensions path C:\Program Files (x86)\Microsoft Visual Studio\18\BuildTools\MSBuild
The "Configuration" property is a global property, and cannot be modified.
Search paths being used for $(MSBuildExtensionsPath) are C:\Program Files (x86)\Microsoft Visual Studio\18\BuildTools\MSBuild;$(MSBuildProgramFiles32)\MSBuild
Trying to import C:\Program Files (x86)\Microsoft Visual Studio\18\BuildTools\MSBuild\$(MSBuildToolsVersion)\Microsoft.VisualStudioVersion.v*.Common.props using extensions path C:\Program Files (x86)\Microsoft Visual Studio\18\BuildTools\MSBuild
Trying to import C:\Program Files (x86)\MSBuild\$(MSBuildToolsVersion)\Microsoft.VisualStudioVersion.v*.Common.props using extensions path C:\Program Files (x86)\MSBuild
Search paths being used for $(MSBuildExtensionsPath) are C:\Program Files (x86)\Microsoft Visual Studio\18\BuildTools\MSBuild;$(MSBuildProgramFiles32)\MSBuild
Search paths being used for $(MSBuildExtensionsPath) are C:\Program Files (x86)\Microsoft Visual Studio\18\BuildTools\MSBuild;$(MSBuildProgramFiles32)\MSBuild
Trying to import C:\Program Files (x86)\Microsoft Visual Studio\18\BuildTools\MSBuild\$(MSBuildToolsVersion)\Microsoft.Common.targets\ImportBefore\* using extensions path C:\Program Files (x86)\Microsoft Visual Studio\18\BuildTools\MSBuild
Search paths being used for $(MSBuildExtensionsPath) are C:\Program Files (x86)\Microsoft Visual Studio\18\BuildTools\MSBuild;$(MSBuildProgramFiles32)\MSBuild
C:\Program Files (x86)\Microsoft Visual Studio\18\BuildTools\MSBuild\Current\Bin\Microsoft.NETFramework.CurrentVersion.props(117,5): message : Property reassignment: $(AvailablePlatforms)="Any CPU,x86,x64,ARM64" (previous value: "Any CPU,x86,x64") at C:\Program Files (x86)\Microsoft Visual Studio\18\BuildTools\MSBuild\Current\Bin\Microsoft.NETFramework.CurrentVersion.props (117,5)
Search paths being used for $(MSBuildExtensionsPath) are C:\Program Files (x86)\Microsoft Visual Studio\18\BuildTools\MSBuild;$(MSBuildProgramFiles32)\MSBuild
Assembly loaded during Evaluation: Microsoft.Build.Utilities.Core, Version=15.1.0.0, Culture=neutral, PublicKeyToken=b03f5f7f11d50a3a (location: C:\Program Files (x86)\Microsoft Visual Studio\18\BuildTools\MSBuild\Current\Bin\Microsoft.Build.Utilities.Core.dll, MVID: 92ba715b-de37-45d3-b8f8-ba9083264733, AppDomain: [Default])
The "Configuration" property is a global property, and cannot be modified.
C:\Program Files (x86)\Microsoft Visual Studio\18\BuildTools\MSBuild\Current\Bin\Microsoft.Common.CurrentVersion.targets(177,5): message : Property reassignment: $(_DebugSymbolsProduced)="true" (previous value: "false") at C:\Program Files (x86)\Microsoft Visual Studio\18\BuildTools\MSBuild\Current\Bin\Microsoft.Common.CurrentVersion.targets (177,5)
C:\Program Files (x86)\Microsoft Visual Studio\18\BuildTools\MSBuild\Current\Bin\Microsoft.Common.CurrentVersion.targets(185,5): message : Property reassignment: $(_DocumentationFileProduced)="false" (previous value: "true") at C:\Program Files (x86)\Microsoft Visual Studio\18\BuildTools\MSBuild\Current\Bin\Microsoft.Common.CurrentVersion.targets (185,5)
C:\Program Files (x86)\Microsoft Visual Studio\18\BuildTools\MSBuild\Current\Bin\Microsoft.Common.CurrentVersion.targets(392,5): message : Property reassignment: $(MSBuildCopyMarkerName)="Hospital.150D4E96" (previous value: "HospitalManagementSystem.Web.csproj") at C:\Program Files (x86)\Microsoft Visual Studio\18\BuildTools\MSBuild\Current\Bin\Microsoft.Common.CurrentVersion.targets (392,5)
C:\Program Files (x86)\Microsoft Visual Studio\18\BuildTools\MSBuild\Current\Bin\Microsoft.Common.CurrentVersion.targets(393,5): message : Property reassignment: $(MSBuildCopyMarkerName)="Hospital.150D4E96.Up2Date" (previous value: "Hospital.150D4E96") at C:\Program Files (x86)\Microsoft Visual Studio\18\BuildTools\MSBuild\Current\Bin\Microsoft.Common.CurrentVersion.targets (393,5)
C:\Program Files (x86)\Microsoft Visual Studio\18\BuildTools\MSBuild\Current\Bin\Microsoft.Common.CurrentVersion.targets(541,5): message : Property reassignment: $(ProcessorArchitecture)="msil" (previous value: "") at C:\Program Files (x86)\Microsoft Visual Studio\18\BuildTools\MSBuild\Current\Bin\Microsoft.Common.CurrentVersion.targets (541,5)
C:\Program Files (x86)\Microsoft Visual Studio\18\BuildTools\MSBuild\Current\Bin\Microsoft.Common.CurrentVersion.targets(580,5): message : Property reassignment: $(DelaySign)="" (previous value: "false") at C:\Program Files (x86)\Microsoft Visual Studio\18\BuildTools\MSBuild\Current\Bin\Microsoft.Common.CurrentVersion.targets (580,5)
C:\Program Files (x86)\Microsoft Visual Studio\18\BuildTools\MSBuild\Current\Bin\Microsoft.Common.CurrentVersion.targets(649,5): message : Property reassignment: $(AssemblySearchPaths)="{CandidateAssemblyFiles};" (previous value: "{CandidateAssemblyFiles}") at C:\Program Files (x86)\Microsoft Visual Studio\18\BuildTools\MSBuild\Current\Bin\Microsoft.Common.CurrentVersion.targets (649,5)
C:\Program Files (x86)\Microsoft Visual Studio\18\BuildTools\MSBuild\Current\Bin\Microsoft.Common.CurrentVersion.targets(650,5): message : Property reassignment: $(AssemblySearchPaths)="{CandidateAssemblyFiles};;{HintPathFromItem}" (previous value: "{CandidateAssemblyFiles};") at C:\Program Files (x86)\Microsoft Visual Studio\18\BuildTools\MSBuild\Current\Bin\Microsoft.Common.CurrentVersion.targets (650,5)
C:\Program Files (x86)\Microsoft Visual Studio\18\BuildTools\MSBuild\Current\Bin\Microsoft.Common.CurrentVersion.targets(651,5): message : Property reassignment: $(AssemblySearchPaths)="{CandidateAssemblyFiles};;{HintPathFromItem};{TargetFrameworkDirectory}" (previous value: "{CandidateAssemblyFiles};;{HintPathFromItem}") at C:\Program Files (x86)\Microsoft Visual Studio\18\BuildTools\MSBuild\Current\Bin\Microsoft.Common.CurrentVersion.targets (651,5)
C:\Program Files (x86)\Microsoft Visual Studio\18\BuildTools\MSBuild\Current\Bin\Microsoft.Common.CurrentVersion.targets(652,5): message : Property reassignment: $(AssemblySearchPaths)="{CandidateAssemblyFiles};;{HintPathFromItem};{TargetFrameworkDirectory};" (previous value: "{CandidateAssemblyFiles};;{HintPathFromItem};{TargetFrameworkDirectory}") at C:\Program Files (x86)\Microsoft Visual Studio\18\BuildTools\MSBuild\Current\Bin\Microsoft.Common.CurrentVersion.targets (652,5)
C:\Program Files (x86)\Microsoft Visual Studio\18\BuildTools\MSBuild\Current\Bin\Microsoft.Common.CurrentVersion.targets(653,5): message : Property reassignment: $(AssemblySearchPaths)="{CandidateAssemblyFiles};;{HintPathFromItem};{TargetFrameworkDirectory};;{Registry:Software\Microsoft\.NETFramework,v4.8,AssemblyFoldersEx}" (previous value: "{CandidateAssemblyFiles};;{HintPathFromItem};{TargetFrameworkDirectory};") at C:\Program Files (x86)\Microsoft Visual Studio\18\BuildTools\MSBuild\Current\Bin\Microsoft.Common.CurrentVersion.targets (653,5)
C:\Program Files (x86)\Microsoft Visual Studio\18\BuildTools\MSBuild\Current\Bin\Microsoft.Common.CurrentVersion.targets(654,5): message : Property reassignment: $(AssemblySearchPaths)="{CandidateAssemblyFiles};;{HintPathFromItem};{TargetFrameworkDirectory};;{Registry:Software\Microsoft\.NETFramework,v4.8,AssemblyFoldersEx};{AssemblyFolders}" (previous value: "{CandidateAssemblyFiles};;{HintPathFromItem};{TargetFrameworkDirectory};;{Registry:Software\Microsoft\.NETFramework,v4.8,AssemblyFoldersEx}") at C:\Program Files (x86)\Microsoft Visual Studio\18\BuildTools\MSBuild\Current\Bin\Microsoft.Common.CurrentVersion.targets (654,5)
C:\Program Files (x86)\Microsoft Visual Studio\18\BuildTools\MSBuild\Current\Bin\Microsoft.Common.CurrentVersion.targets(655,5): message : Property reassignment: $(AssemblySearchPaths)="{CandidateAssemblyFiles};;{HintPathFromItem};{TargetFrameworkDirectory};;{Registry:Software\Microsoft\.NETFramework,v4.8,AssemblyFoldersEx};{AssemblyFolders};{GAC}" (previous value: "{CandidateAssemblyFiles};;{HintPathFromItem};{TargetFrameworkDirectory};;{Registry:Software\Microsoft\.NETFramework,v4.8,AssemblyFoldersEx};{AssemblyFolders}") at C:\Program Files (x86)\Microsoft Visual Studio\18\BuildTools\MSBuild\Current\Bin\Microsoft.Common.CurrentVersion.targets (655,5)
C:\Program Files (x86)\Microsoft Visual Studio\18\BuildTools\MSBuild\Current\Bin\Microsoft.Common.CurrentVersion.targets(656,5): message : Property reassignment: $(AssemblySearchPaths)="{CandidateAssemblyFiles};;{HintPathFromItem};{TargetFrameworkDirectory};;{Registry:Software\Microsoft\.NETFramework,v4.8,AssemblyFoldersEx};{AssemblyFolders};{GAC};{RawFileName}" (previous value: "{CandidateAssemblyFiles};;{HintPathFromItem};{TargetFrameworkDirectory};;{Registry:Software\Microsoft\.NETFramework,v4.8,AssemblyFoldersEx};{AssemblyFolders};{GAC}") at C:\Program Files (x86)\Microsoft Visual Studio\18\BuildTools\MSBuild\Current\Bin\Microsoft.Common.CurrentVersion.targets (656,5)
C:\Program Files (x86)\Microsoft Visual Studio\18\BuildTools\MSBuild\Current\Bin\Microsoft.Common.CurrentVersion.targets(657,5): message : Property reassignment: $(AssemblySearchPaths)="{CandidateAssemblyFiles};;{HintPathFromItem};{TargetFrameworkDirectory};;{Registry:Software\Microsoft\.NETFramework,v4.8,AssemblyFoldersEx};{AssemblyFolders};{GAC};{RawFileName};bin\" (previous value: "{CandidateAssemblyFiles};;{HintPathFromItem};{TargetFrameworkDirectory};;{Registry:Software\Microsoft\.NETFramework,v4.8,AssemblyFoldersEx};{AssemblyFolders};{GAC};{RawFileName}") at C:\Program Files (x86)\Microsoft Visual Studio\18\BuildTools\MSBuild\Current\Bin\Microsoft.Common.CurrentVersion.targets (657,5)
C:\Program Files (x86)\Microsoft Visual Studio\18\BuildTools\MSBuild\Current\Bin\Microsoft.Common.CurrentVersion.targets(2622,5): message : Property 'LOCALAPPDATA' with value 'C:\Users\malak\AppData\Local' expanded from the environment.
C:\Program Files (x86)\Microsoft Visual Studio\18\BuildTools\MSBuild\Current\Bin\Microsoft.Common.CurrentVersion.targets(3950,5): message : Property reassignment: $(_SGenGenerateSerializationAssembliesConfig)="Auto" (previous value: "") at C:\Program Files (x86)\Microsoft Visual Studio\18\BuildTools\MSBuild\Current\Bin\Microsoft.Common.CurrentVersion.targets (3950,5)
C:\Program Files (x86)\Microsoft Visual Studio\18\BuildTools\MSBuild\Current\Bin\Microsoft.Common.CurrentVersion.targets(5162,5): message : Property reassignment: $(_TargetsThatPrepareProjectReferences)="
C:\Program Files (x86)\Microsoft Visual Studio\18\BuildTools\MSBuild\Current\Bin\Microsoft.Common.CurrentVersion.targets(5162,5): message :       AssignProjectConfiguration;
C:\Program Files (x86)\Microsoft Visual Studio\18\BuildTools\MSBuild\Current\Bin\Microsoft.Common.CurrentVersion.targets(5162,5): message :       _SplitProjectReferencesByFileExistence
C:\Program Files (x86)\Microsoft Visual Studio\18\BuildTools\MSBuild\Current\Bin\Microsoft.Common.CurrentVersion.targets(5162,5): message :     " (previous value: "_SplitProjectReferencesByFileExistence") at C:\Program Files (x86)\Microsoft Visual Studio\18\BuildTools\MSBuild\Current\Bin\Microsoft.Common.CurrentVersion.targets (5162,5)
Search paths being used for $(MSBuildExtensionsPath) are C:\Program Files (x86)\Microsoft Visual Studio\18\BuildTools\MSBuild;$(MSBuildProgramFiles32)\MSBuild
C:\Program Files (x86)\Microsoft Visual Studio\18\BuildTools\MSBuild\Current\Bin\Microsoft.NETFramework.CurrentVersion.targets(74,5): message : Property reassignment: $(ResolveReferencesDependsOn)="
C:\Program Files (x86)\Microsoft Visual Studio\18\BuildTools\MSBuild\Current\Bin\Microsoft.NETFramework.CurrentVersion.targets(74,5): message :       
C:\Program Files (x86)\Microsoft Visual Studio\18\BuildTools\MSBuild\Current\Bin\Microsoft.NETFramework.CurrentVersion.targets(74,5): message :       BeforeResolveReferences;
C:\Program Files (x86)\Microsoft Visual Studio\18\BuildTools\MSBuild\Current\Bin\Microsoft.NETFramework.CurrentVersion.targets(74,5): message :       AssignProjectConfiguration;
C:\Program Files (x86)\Microsoft Visual Studio\18\BuildTools\MSBuild\Current\Bin\Microsoft.NETFramework.CurrentVersion.targets(74,5): message :       ResolveProjectReferences;
C:\Program Files (x86)\Microsoft Visual Studio\18\BuildTools\MSBuild\Current\Bin\Microsoft.NETFramework.CurrentVersion.targets(74,5): message :       FindInvalidProjectReferences;
C:\Program Files (x86)\Microsoft Visual Studio\18\BuildTools\MSBuild\Current\Bin\Microsoft.NETFramework.CurrentVersion.targets(74,5): message :       ResolveNativeReferences;
C:\Program Files (x86)\Microsoft Visual Studio\18\BuildTools\MSBuild\Current\Bin\Microsoft.NETFramework.CurrentVersion.targets(74,5): message :       ResolveAssemblyReferences;
C:\Program Files (x86)\Microsoft Visual Studio\18\BuildTools\MSBuild\Current\Bin\Microsoft.NETFramework.CurrentVersion.targets(74,5): message :       GenerateBindingRedirects;
C:\Program Files (x86)\Microsoft Visual Studio\18\BuildTools\MSBuild\Current\Bin\Microsoft.NETFramework.CurrentVersion.targets(74,5): message :       GenerateBindingRedirectsUpdateAppConfig;
C:\Program Files (x86)\Microsoft Visual Studio\18\BuildTools\MSBuild\Current\Bin\Microsoft.NETFramework.CurrentVersion.targets(74,5): message :       ResolveComReferences;
C:\Program Files (x86)\Microsoft Visual Studio\18\BuildTools\MSBuild\Current\Bin\Microsoft.NETFramework.CurrentVersion.targets(74,5): message :       AfterResolveReferences
C:\Program Files (x86)\Microsoft Visual Studio\18\BuildTools\MSBuild\Current\Bin\Microsoft.NETFramework.CurrentVersion.targets(74,5): message :     ;
C:\Program Files (x86)\Microsoft Visual Studio\18\BuildTools\MSBuild\Current\Bin\Microsoft.NETFramework.CurrentVersion.targets(74,5): message :       ImplicitlyExpandDesignTimeFacades
C:\Program Files (x86)\Microsoft Visual Studio\18\BuildTools\MSBuild\Current\Bin\Microsoft.NETFramework.CurrentVersion.targets(74,5): message :     " (previous value: "
C:\Program Files (x86)\Microsoft Visual Studio\18\BuildTools\MSBuild\Current\Bin\Microsoft.NETFramework.CurrentVersion.targets(74,5): message :       BeforeResolveReferences;
C:\Program Files (x86)\Microsoft Visual Studio\18\BuildTools\MSBuild\Current\Bin\Microsoft.NETFramework.CurrentVersion.targets(74,5): message :       AssignProjectConfiguration;
C:\Program Files (x86)\Microsoft Visual Studio\18\BuildTools\MSBuild\Current\Bin\Microsoft.NETFramework.CurrentVersion.targets(74,5): message :       ResolveProjectReferences;
C:\Program Files (x86)\Microsoft Visual Studio\18\BuildTools\MSBuild\Current\Bin\Microsoft.NETFramework.CurrentVersion.targets(74,5): message :       FindInvalidProjectReferences;
C:\Program Files (x86)\Microsoft Visual Studio\18\BuildTools\MSBuild\Current\Bin\Microsoft.NETFramework.CurrentVersion.targets(74,5): message :       ResolveNativeReferences;
C:\Program Files (x86)\Microsoft Visual Studio\18\BuildTools\MSBuild\Current\Bin\Microsoft.NETFramework.CurrentVersion.targets(74,5): message :       ResolveAssemblyReferences;
C:\Program Files (x86)\Microsoft Visual Studio\18\BuildTools\MSBuild\Current\Bin\Microsoft.NETFramework.CurrentVersion.targets(74,5): message :       GenerateBindingRedirects;
C:\Program Files (x86)\Microsoft Visual Studio\18\BuildTools\MSBuild\Current\Bin\Microsoft.NETFramework.CurrentVersion.targets(74,5): message :       GenerateBindingRedirectsUpdateAppConfig;
C:\Program Files (x86)\Microsoft Visual Studio\18\BuildTools\MSBuild\Current\Bin\Microsoft.NETFramework.CurrentVersion.targets(74,5): message :       ResolveComReferences;
C:\Program Files (x86)\Microsoft Visual Studio\18\BuildTools\MSBuild\Current\Bin\Microsoft.NETFramework.CurrentVersion.targets(74,5): message :       AfterResolveReferences
C:\Program Files (x86)\Microsoft Visual Studio\18\BuildTools\MSBuild\Current\Bin\Microsoft.NETFramework.CurrentVersion.targets(74,5): message :     ") at C:\Program Files (x86)\Microsoft Visual Studio\18\BuildTools\MSBuild\Current\Bin\Microsoft.NETFramework.CurrentVersion.targets (74,5)
C:\WINDOWS\Microsoft.NET\Framework\v4.0.30319\Microsoft.WinFx.targets(97,7): message : Property reassignment: $(PrepareResourceNamesDependsOn)="
C:\WINDOWS\Microsoft.NET\Framework\v4.0.30319\Microsoft.WinFx.targets(97,7): message :                     AssignWinFXEmbeddedResource;
C:\WINDOWS\Microsoft.NET\Framework\v4.0.30319\Microsoft.WinFx.targets(97,7): message :                     
C:\WINDOWS\Microsoft.NET\Framework\v4.0.30319\Microsoft.WinFx.targets(97,7): message :       AssignTargetPaths;
C:\WINDOWS\Microsoft.NET\Framework\v4.0.30319\Microsoft.WinFx.targets(97,7): message :       SplitResourcesByCulture;
C:\WINDOWS\Microsoft.NET\Framework\v4.0.30319\Microsoft.WinFx.targets(97,7): message :       CreateManifestResourceNames;
C:\WINDOWS\Microsoft.NET\Framework\v4.0.30319\Microsoft.WinFx.targets(97,7): message :       CreateCustomManifestResourceNames
C:\WINDOWS\Microsoft.NET\Framework\v4.0.30319\Microsoft.WinFx.targets(97,7): message :     
C:\WINDOWS\Microsoft.NET\Framework\v4.0.30319\Microsoft.WinFx.targets(97,7): message :       " (previous value: "
C:\WINDOWS\Microsoft.NET\Framework\v4.0.30319\Microsoft.WinFx.targets(97,7): message :       AssignTargetPaths;
C:\WINDOWS\Microsoft.NET\Framework\v4.0.30319\Microsoft.WinFx.targets(97,7): message :       SplitResourcesByCulture;
C:\WINDOWS\Microsoft.NET\Framework\v4.0.30319\Microsoft.WinFx.targets(97,7): message :       CreateManifestResourceNames;
C:\WINDOWS\Microsoft.NET\Framework\v4.0.30319\Microsoft.WinFx.targets(97,7): message :       CreateCustomManifestResourceNames
C:\WINDOWS\Microsoft.NET\Framework\v4.0.30319\Microsoft.WinFx.targets(97,7): message :     ") at C:\WINDOWS\Microsoft.NET\Framework\v4.0.30319\Microsoft.WinFx.targets (97,7)
C:\WINDOWS\Microsoft.NET\Framework\v4.0.30319\Microsoft.WinFx.targets(108,7): message : Property reassignment: $(PrepareResourcesDependsOn)="
C:\WINDOWS\Microsoft.NET\Framework\v4.0.30319\Microsoft.WinFx.targets(108,7): message :                 MarkupCompilePass1;
C:\WINDOWS\Microsoft.NET\Framework\v4.0.30319\Microsoft.WinFx.targets(108,7): message :                 AfterMarkupCompilePass1;
C:\WINDOWS\Microsoft.NET\Framework\v4.0.30319\Microsoft.WinFx.targets(108,7): message :                 MarkupCompilePass2ForMainAssembly;
C:\WINDOWS\Microsoft.NET\Framework\v4.0.30319\Microsoft.WinFx.targets(108,7): message :                 FileClassification;
C:\WINDOWS\Microsoft.NET\Framework\v4.0.30319\Microsoft.WinFx.targets(108,7): message :                 MainResourcesGeneration;
C:\WINDOWS\Microsoft.NET\Framework\v4.0.30319\Microsoft.WinFx.targets(108,7): message :                 
C:\WINDOWS\Microsoft.NET\Framework\v4.0.30319\Microsoft.WinFx.targets(108,7): message :       ;
C:\WINDOWS\Microsoft.NET\Framework\v4.0.30319\Microsoft.WinFx.targets(108,7): message :       PrepareResourceNames;
C:\WINDOWS\Microsoft.NET\Framework\v4.0.30319\Microsoft.WinFx.targets(108,7): message :       ResGen;
C:\WINDOWS\Microsoft.NET\Framework\v4.0.30319\Microsoft.WinFx.targets(108,7): message :       CompileLicxFiles
C:\WINDOWS\Microsoft.NET\Framework\v4.0.30319\Microsoft.WinFx.targets(108,7): message :     
C:\WINDOWS\Microsoft.NET\Framework\v4.0.30319\Microsoft.WinFx.targets(108,7): message :       " (previous value: "
C:\WINDOWS\Microsoft.NET\Framework\v4.0.30319\Microsoft.WinFx.targets(108,7): message :       ;
C:\WINDOWS\Microsoft.NET\Framework\v4.0.30319\Microsoft.WinFx.targets(108,7): message :       PrepareResourceNames;
C:\WINDOWS\Microsoft.NET\Framework\v4.0.30319\Microsoft.WinFx.targets(108,7): message :       ResGen;
C:\WINDOWS\Microsoft.NET\Framework\v4.0.30319\Microsoft.WinFx.targets(108,7): message :       CompileLicxFiles
C:\WINDOWS\Microsoft.NET\Framework\v4.0.30319\Microsoft.WinFx.targets(108,7): message :     ") at C:\WINDOWS\Microsoft.NET\Framework\v4.0.30319\Microsoft.WinFx.targets (108,7)
C:\WINDOWS\Microsoft.NET\Framework\v4.0.30319\Microsoft.WinFx.targets(184,5): message : Property reassignment: $(CompileDependsOn)="
C:\WINDOWS\Microsoft.NET\Framework\v4.0.30319\Microsoft.WinFx.targets(184,5): message :         
C:\WINDOWS\Microsoft.NET\Framework\v4.0.30319\Microsoft.WinFx.targets(184,5): message :       ResolveReferences;
C:\WINDOWS\Microsoft.NET\Framework\v4.0.30319\Microsoft.WinFx.targets(184,5): message :       ResolveKeySource;
C:\WINDOWS\Microsoft.NET\Framework\v4.0.30319\Microsoft.WinFx.targets(184,5): message :       SetWin32ManifestProperties;
C:\WINDOWS\Microsoft.NET\Framework\v4.0.30319\Microsoft.WinFx.targets(184,5): message :       _SetPreferNativeArm64Win32ManifestProperties;
C:\WINDOWS\Microsoft.NET\Framework\v4.0.30319\Microsoft.WinFx.targets(184,5): message :       FindReferenceAssembliesForReferences;
C:\WINDOWS\Microsoft.NET\Framework\v4.0.30319\Microsoft.WinFx.targets(184,5): message :       _GenerateCompileInputs;
C:\WINDOWS\Microsoft.NET\Framework\v4.0.30319\Microsoft.WinFx.targets(184,5): message :       BeforeCompile;
C:\WINDOWS\Microsoft.NET\Framework\v4.0.30319\Microsoft.WinFx.targets(184,5): message :       _TimeStampBeforeCompile;
C:\WINDOWS\Microsoft.NET\Framework\v4.0.30319\Microsoft.WinFx.targets(184,5): message :       _GenerateCompileDependencyCache;
C:\WINDOWS\Microsoft.NET\Framework\v4.0.30319\Microsoft.WinFx.targets(184,5): message :       CoreCompile;
C:\WINDOWS\Microsoft.NET\Framework\v4.0.30319\Microsoft.WinFx.targets(184,5): message :       _TimeStampAfterCompile;
C:\WINDOWS\Microsoft.NET\Framework\v4.0.30319\Microsoft.WinFx.targets(184,5): message :       AfterCompile;
C:\WINDOWS\Microsoft.NET\Framework\v4.0.30319\Microsoft.WinFx.targets(184,5): message :     ;
C:\WINDOWS\Microsoft.NET\Framework\v4.0.30319\Microsoft.WinFx.targets(184,5): message :         _AfterCompileWinFXInternal
C:\WINDOWS\Microsoft.NET\Framework\v4.0.30319\Microsoft.WinFx.targets(184,5): message :     " (previous value: "
C:\WINDOWS\Microsoft.NET\Framework\v4.0.30319\Microsoft.WinFx.targets(184,5): message :       ResolveReferences;
C:\WINDOWS\Microsoft.NET\Framework\v4.0.30319\Microsoft.WinFx.targets(184,5): message :       ResolveKeySource;
C:\WINDOWS\Microsoft.NET\Framework\v4.0.30319\Microsoft.WinFx.targets(184,5): message :       SetWin32ManifestProperties;
C:\WINDOWS\Microsoft.NET\Framework\v4.0.30319\Microsoft.WinFx.targets(184,5): message :       _SetPreferNativeArm64Win32ManifestProperties;
C:\WINDOWS\Microsoft.NET\Framework\v4.0.30319\Microsoft.WinFx.targets(184,5): message :       FindReferenceAssembliesForReferences;
C:\WINDOWS\Microsoft.NET\Framework\v4.0.30319\Microsoft.WinFx.targets(184,5): message :       _GenerateCompileInputs;
C:\WINDOWS\Microsoft.NET\Framework\v4.0.30319\Microsoft.WinFx.targets(184,5): message :       BeforeCompile;
C:\WINDOWS\Microsoft.NET\Framework\v4.0.30319\Microsoft.WinFx.targets(184,5): message :       _TimeStampBeforeCompile;
C:\WINDOWS\Microsoft.NET\Framework\v4.0.30319\Microsoft.WinFx.targets(184,5): message :       _GenerateCompileDependencyCache;
C:\WINDOWS\Microsoft.NET\Framework\v4.0.30319\Microsoft.WinFx.targets(184,5): message :       CoreCompile;
C:\WINDOWS\Microsoft.NET\Framework\v4.0.30319\Microsoft.WinFx.targets(184,5): message :       _TimeStampAfterCompile;
C:\WINDOWS\Microsoft.NET\Framework\v4.0.30319\Microsoft.WinFx.targets(184,5): message :       AfterCompile;
C:\WINDOWS\Microsoft.NET\Framework\v4.0.30319\Microsoft.WinFx.targets(184,5): message :     ") at C:\WINDOWS\Microsoft.NET\Framework\v4.0.30319\Microsoft.WinFx.targets (184,5)
C:\WINDOWS\Microsoft.NET\Framework\v4.0.30319\Microsoft.WinFx.targets(813,9): message : Property reassignment: $(PublishBuildDependsOn)="
C:\WINDOWS\Microsoft.NET\Framework\v4.0.30319\Microsoft.WinFx.targets(813,9): message :             BuildOnlySettings;
C:\WINDOWS\Microsoft.NET\Framework\v4.0.30319\Microsoft.WinFx.targets(813,9): message :             PrepareForBuild;
C:\WINDOWS\Microsoft.NET\Framework\v4.0.30319\Microsoft.WinFx.targets(813,9): message :             ResolveReferences;
C:\WINDOWS\Microsoft.NET\Framework\v4.0.30319\Microsoft.WinFx.targets(813,9): message :             PrepareResources;
C:\WINDOWS\Microsoft.NET\Framework\v4.0.30319\Microsoft.WinFx.targets(813,9): message :             ResolveKeySource;
C:\WINDOWS\Microsoft.NET\Framework\v4.0.30319\Microsoft.WinFx.targets(813,9): message :             PrepareResourcesForSatelliteAssemblies;
C:\WINDOWS\Microsoft.NET\Framework\v4.0.30319\Microsoft.WinFx.targets(813,9): message :             GenerateSerializationAssemblies;
C:\WINDOWS\Microsoft.NET\Framework\v4.0.30319\Microsoft.WinFx.targets(813,9): message :             CreateSatelliteAssemblies;
C:\WINDOWS\Microsoft.NET\Framework\v4.0.30319\Microsoft.WinFx.targets(813,9): message :         " (previous value: "
C:\WINDOWS\Microsoft.NET\Framework\v4.0.30319\Microsoft.WinFx.targets(813,9): message :       BuildOnlySettings;
C:\WINDOWS\Microsoft.NET\Framework\v4.0.30319\Microsoft.WinFx.targets(813,9): message :       PrepareForBuild;
C:\WINDOWS\Microsoft.NET\Framework\v4.0.30319\Microsoft.WinFx.targets(813,9): message :       ResolveReferences;
C:\WINDOWS\Microsoft.NET\Framework\v4.0.30319\Microsoft.WinFx.targets(813,9): message :       PrepareResources;
C:\WINDOWS\Microsoft.NET\Framework\v4.0.30319\Microsoft.WinFx.targets(813,9): message :       ResolveKeySource;
C:\WINDOWS\Microsoft.NET\Framework\v4.0.30319\Microsoft.WinFx.targets(813,9): message :       GenerateSerializationAssemblies;
C:\WINDOWS\Microsoft.NET\Framework\v4.0.30319\Microsoft.WinFx.targets(813,9): message :       CreateSatelliteAssemblies;
C:\WINDOWS\Microsoft.NET\Framework\v4.0.30319\Microsoft.WinFx.targets(813,9): message :     ") at C:\WINDOWS\Microsoft.NET\Framework\v4.0.30319\Microsoft.WinFx.targets (813,9)
C:\WINDOWS\Microsoft.NET\Framework\v4.0.30319\Microsoft.Data.Entity.targets(35,5): message : Property reassignment: $(BuildDependsOn)="
C:\WINDOWS\Microsoft.NET\Framework\v4.0.30319\Microsoft.Data.Entity.targets(35,5): message :       EntityDeploy;
C:\WINDOWS\Microsoft.NET\Framework\v4.0.30319\Microsoft.Data.Entity.targets(35,5): message :       
C:\WINDOWS\Microsoft.NET\Framework\v4.0.30319\Microsoft.Data.Entity.targets(35,5): message :       BeforeBuild;
C:\WINDOWS\Microsoft.NET\Framework\v4.0.30319\Microsoft.Data.Entity.targets(35,5): message :       CoreBuild;
C:\WINDOWS\Microsoft.NET\Framework\v4.0.30319\Microsoft.Data.Entity.targets(35,5): message :       AfterBuild
C:\WINDOWS\Microsoft.NET\Framework\v4.0.30319\Microsoft.Data.Entity.targets(35,5): message :     
C:\WINDOWS\Microsoft.NET\Framework\v4.0.30319\Microsoft.Data.Entity.targets(35,5): message :     " (previous value: "
C:\WINDOWS\Microsoft.NET\Framework\v4.0.30319\Microsoft.Data.Entity.targets(35,5): message :       BeforeBuild;
C:\WINDOWS\Microsoft.NET\Framework\v4.0.30319\Microsoft.Data.Entity.targets(35,5): message :       CoreBuild;
C:\WINDOWS\Microsoft.NET\Framework\v4.0.30319\Microsoft.Data.Entity.targets(35,5): message :       AfterBuild
C:\WINDOWS\Microsoft.NET\Framework\v4.0.30319\Microsoft.Data.Entity.targets(35,5): message :     ") at C:\WINDOWS\Microsoft.NET\Framework\v4.0.30319\Microsoft.Data.Entity.targets (35,5)
C:\WINDOWS\Microsoft.NET\Framework\v4.0.30319\Microsoft.Data.Entity.targets(42,5): message : Property reassignment: $(CleanDependsOn)="
C:\WINDOWS\Microsoft.NET\Framework\v4.0.30319\Microsoft.Data.Entity.targets(42,5): message :       
C:\WINDOWS\Microsoft.NET\Framework\v4.0.30319\Microsoft.Data.Entity.targets(42,5): message :       BeforeClean;
C:\WINDOWS\Microsoft.NET\Framework\v4.0.30319\Microsoft.Data.Entity.targets(42,5): message :       UnmanagedUnregistration;
C:\WINDOWS\Microsoft.NET\Framework\v4.0.30319\Microsoft.Data.Entity.targets(42,5): message :       CoreClean;
C:\WINDOWS\Microsoft.NET\Framework\v4.0.30319\Microsoft.Data.Entity.targets(42,5): message :       CleanReferencedProjects;
C:\WINDOWS\Microsoft.NET\Framework\v4.0.30319\Microsoft.Data.Entity.targets(42,5): message :       CleanPublishFolder;
C:\WINDOWS\Microsoft.NET\Framework\v4.0.30319\Microsoft.Data.Entity.targets(42,5): message :       AfterClean
C:\WINDOWS\Microsoft.NET\Framework\v4.0.30319\Microsoft.Data.Entity.targets(42,5): message :     ;
C:\WINDOWS\Microsoft.NET\Framework\v4.0.30319\Microsoft.Data.Entity.targets(42,5): message :       EntityClean;
C:\WINDOWS\Microsoft.NET\Framework\v4.0.30319\Microsoft.Data.Entity.targets(42,5): message :     " (previous value: "
C:\WINDOWS\Microsoft.NET\Framework\v4.0.30319\Microsoft.Data.Entity.targets(42,5): message :       BeforeClean;
C:\WINDOWS\Microsoft.NET\Framework\v4.0.30319\Microsoft.Data.Entity.targets(42,5): message :       UnmanagedUnregistration;
C:\WINDOWS\Microsoft.NET\Framework\v4.0.30319\Microsoft.Data.Entity.targets(42,5): message :       CoreClean;
C:\WINDOWS\Microsoft.NET\Framework\v4.0.30319\Microsoft.Data.Entity.targets(42,5): message :       CleanReferencedProjects;
C:\WINDOWS\Microsoft.NET\Framework\v4.0.30319\Microsoft.Data.Entity.targets(42,5): message :       CleanPublishFolder;
C:\WINDOWS\Microsoft.NET\Framework\v4.0.30319\Microsoft.Data.Entity.targets(42,5): message :       AfterClean
C:\WINDOWS\Microsoft.NET\Framework\v4.0.30319\Microsoft.Data.Entity.targets(42,5): message :     ") at C:\WINDOWS\Microsoft.NET\Framework\v4.0.30319\Microsoft.Data.Entity.targets (42,5)
Search paths being used for $(MSBuildExtensionsPath) are C:\Program Files (x86)\Microsoft Visual Studio\18\BuildTools\MSBuild;$(MSBuildProgramFiles32)\MSBuild
C:\WINDOWS\Microsoft.NET\Framework\v4.0.30319\Microsoft.Xaml.targets(35,5): message : Property reassignment: $(PrepareResourcesDependsOn)="
C:\WINDOWS\Microsoft.NET\Framework\v4.0.30319\Microsoft.Xaml.targets(35,5): message :       XamlMarkupCompilePass1;
C:\WINDOWS\Microsoft.NET\Framework\v4.0.30319\Microsoft.Xaml.targets(35,5): message :       XamlMarkupCompilePass2;
C:\WINDOWS\Microsoft.NET\Framework\v4.0.30319\Microsoft.Xaml.targets(35,5): message :       
C:\WINDOWS\Microsoft.NET\Framework\v4.0.30319\Microsoft.Xaml.targets(35,5): message :                 MarkupCompilePass1;
C:\WINDOWS\Microsoft.NET\Framework\v4.0.30319\Microsoft.Xaml.targets(35,5): message :                 AfterMarkupCompilePass1;
C:\WINDOWS\Microsoft.NET\Framework\v4.0.30319\Microsoft.Xaml.targets(35,5): message :                 MarkupCompilePass2ForMainAssembly;
C:\WINDOWS\Microsoft.NET\Framework\v4.0.30319\Microsoft.Xaml.targets(35,5): message :                 FileClassification;
C:\WINDOWS\Microsoft.NET\Framework\v4.0.30319\Microsoft.Xaml.targets(35,5): message :                 MainResourcesGeneration;
C:\WINDOWS\Microsoft.NET\Framework\v4.0.30319\Microsoft.Xaml.targets(35,5): message :                 
C:\WINDOWS\Microsoft.NET\Framework\v4.0.30319\Microsoft.Xaml.targets(35,5): message :       ;
C:\WINDOWS\Microsoft.NET\Framework\v4.0.30319\Microsoft.Xaml.targets(35,5): message :       PrepareResourceNames;
C:\WINDOWS\Microsoft.NET\Framework\v4.0.30319\Microsoft.Xaml.targets(35,5): message :       ResGen;
C:\WINDOWS\Microsoft.NET\Framework\v4.0.30319\Microsoft.Xaml.targets(35,5): message :       CompileLicxFiles
C:\WINDOWS\Microsoft.NET\Framework\v4.0.30319\Microsoft.Xaml.targets(35,5): message :     
C:\WINDOWS\Microsoft.NET\Framework\v4.0.30319\Microsoft.Xaml.targets(35,5): message :        
C:\WINDOWS\Microsoft.NET\Framework\v4.0.30319\Microsoft.Xaml.targets(35,5): message :     " (previous value: "
C:\WINDOWS\Microsoft.NET\Framework\v4.0.30319\Microsoft.Xaml.targets(35,5): message :                 MarkupCompilePass1;
C:\WINDOWS\Microsoft.NET\Framework\v4.0.30319\Microsoft.Xaml.targets(35,5): message :                 AfterMarkupCompilePass1;
C:\WINDOWS\Microsoft.NET\Framework\v4.0.30319\Microsoft.Xaml.targets(35,5): message :                 MarkupCompilePass2ForMainAssembly;
C:\WINDOWS\Microsoft.NET\Framework\v4.0.30319\Microsoft.Xaml.targets(35,5): message :                 FileClassification;
C:\WINDOWS\Microsoft.NET\Framework\v4.0.30319\Microsoft.Xaml.targets(35,5): message :                 MainResourcesGeneration;
C:\WINDOWS\Microsoft.NET\Framework\v4.0.30319\Microsoft.Xaml.targets(35,5): message :                 
C:\WINDOWS\Microsoft.NET\Framework\v4.0.30319\Microsoft.Xaml.targets(35,5): message :       ;
C:\WINDOWS\Microsoft.NET\Framework\v4.0.30319\Microsoft.Xaml.targets(35,5): message :       PrepareResourceNames;
C:\WINDOWS\Microsoft.NET\Framework\v4.0.30319\Microsoft.Xaml.targets(35,5): message :       ResGen;
C:\WINDOWS\Microsoft.NET\Framework\v4.0.30319\Microsoft.Xaml.targets(35,5): message :       CompileLicxFiles
C:\WINDOWS\Microsoft.NET\Framework\v4.0.30319\Microsoft.Xaml.targets(35,5): message :     
C:\WINDOWS\Microsoft.NET\Framework\v4.0.30319\Microsoft.Xaml.targets(35,5): message :       ") at C:\WINDOWS\Microsoft.NET\Framework\v4.0.30319\Microsoft.Xaml.targets (35,5)
C:\WINDOWS\Microsoft.NET\Framework\v4.0.30319\Microsoft.WorkflowBuildExtensions.targets(16,5): message : Property reassignment: $(PrepareResourcesDependsOn)="
C:\WINDOWS\Microsoft.NET\Framework\v4.0.30319\Microsoft.WorkflowBuildExtensions.targets(16,5): message :       ValidationExtension;
C:\WINDOWS\Microsoft.NET\Framework\v4.0.30319\Microsoft.WorkflowBuildExtensions.targets(16,5): message :       ExpressionBuildExtension;
C:\WINDOWS\Microsoft.NET\Framework\v4.0.30319\Microsoft.WorkflowBuildExtensions.targets(16,5): message :       
C:\WINDOWS\Microsoft.NET\Framework\v4.0.30319\Microsoft.WorkflowBuildExtensions.targets(16,5): message :       XamlMarkupCompilePass1;
C:\WINDOWS\Microsoft.NET\Framework\v4.0.30319\Microsoft.WorkflowBuildExtensions.targets(16,5): message :       XamlMarkupCompilePass2;
C:\WINDOWS\Microsoft.NET\Framework\v4.0.30319\Microsoft.WorkflowBuildExtensions.targets(16,5): message :       
C:\WINDOWS\Microsoft.NET\Framework\v4.0.30319\Microsoft.WorkflowBuildExtensions.targets(16,5): message :                 MarkupCompilePass1;
C:\WINDOWS\Microsoft.NET\Framework\v4.0.30319\Microsoft.WorkflowBuildExtensions.targets(16,5): message :                 AfterMarkupCompilePass1;
C:\WINDOWS\Microsoft.NET\Framework\v4.0.30319\Microsoft.WorkflowBuildExtensions.targets(16,5): message :                 MarkupCompilePass2ForMainAssembly;
C:\WINDOWS\Microsoft.NET\Framework\v4.0.30319\Microsoft.WorkflowBuildExtensions.targets(16,5): message :                 FileClassification;
C:\WINDOWS\Microsoft.NET\Framework\v4.0.30319\Microsoft.WorkflowBuildExtensions.targets(16,5): message :                 MainResourcesGeneration;
C:\WINDOWS\Microsoft.NET\Framework\v4.0.30319\Microsoft.WorkflowBuildExtensions.targets(16,5): message :                 
C:\WINDOWS\Microsoft.NET\Framework\v4.0.30319\Microsoft.WorkflowBuildExtensions.targets(16,5): message :       ;
C:\WINDOWS\Microsoft.NET\Framework\v4.0.30319\Microsoft.WorkflowBuildExtensions.targets(16,5): message :       PrepareResourceNames;
C:\WINDOWS\Microsoft.NET\Framework\v4.0.30319\Microsoft.WorkflowBuildExtensions.targets(16,5): message :       ResGen;
C:\WINDOWS\Microsoft.NET\Framework\v4.0.30319\Microsoft.WorkflowBuildExtensions.targets(16,5): message :       CompileLicxFiles
C:\WINDOWS\Microsoft.NET\Framework\v4.0.30319\Microsoft.WorkflowBuildExtensions.targets(16,5): message :     
C:\WINDOWS\Microsoft.NET\Framework\v4.0.30319\Microsoft.WorkflowBuildExtensions.targets(16,5): message :        
C:\WINDOWS\Microsoft.NET\Framework\v4.0.30319\Microsoft.WorkflowBuildExtensions.targets(16,5): message :     
C:\WINDOWS\Microsoft.NET\Framework\v4.0.30319\Microsoft.WorkflowBuildExtensions.targets(16,5): message :     " (previous value: "
C:\WINDOWS\Microsoft.NET\Framework\v4.0.30319\Microsoft.WorkflowBuildExtensions.targets(16,5): message :       XamlMarkupCompilePass1;
C:\WINDOWS\Microsoft.NET\Framework\v4.0.30319\Microsoft.WorkflowBuildExtensions.targets(16,5): message :       XamlMarkupCompilePass2;
C:\WINDOWS\Microsoft.NET\Framework\v4.0.30319\Microsoft.WorkflowBuildExtensions.targets(16,5): message :       
C:\WINDOWS\Microsoft.NET\Framework\v4.0.30319\Microsoft.WorkflowBuildExtensions.targets(16,5): message :                 MarkupCompilePass1;
C:\WINDOWS\Microsoft.NET\Framework\v4.0.30319\Microsoft.WorkflowBuildExtensions.targets(16,5): message :                 AfterMarkupCompilePass1;
C:\WINDOWS\Microsoft.NET\Framework\v4.0.30319\Microsoft.WorkflowBuildExtensions.targets(16,5): message :                 MarkupCompilePass2ForMainAssembly;
C:\WINDOWS\Microsoft.NET\Framework\v4.0.30319\Microsoft.WorkflowBuildExtensions.targets(16,5): message :                 FileClassification;
C:\WINDOWS\Microsoft.NET\Framework\v4.0.30319\Microsoft.WorkflowBuildExtensions.targets(16,5): message :                 MainResourcesGeneration;
C:\WINDOWS\Microsoft.NET\Framework\v4.0.30319\Microsoft.WorkflowBuildExtensions.targets(16,5): message :                 
C:\WINDOWS\Microsoft.NET\Framework\v4.0.30319\Microsoft.WorkflowBuildExtensions.targets(16,5): message :       ;
C:\WINDOWS\Microsoft.NET\Framework\v4.0.30319\Microsoft.WorkflowBuildExtensions.targets(16,5): message :       PrepareResourceNames;
C:\WINDOWS\Microsoft.NET\Framework\v4.0.30319\Microsoft.WorkflowBuildExtensions.targets(16,5): message :       ResGen;
C:\WINDOWS\Microsoft.NET\Framework\v4.0.30319\Microsoft.WorkflowBuildExtensions.targets(16,5): message :       CompileLicxFiles
C:\WINDOWS\Microsoft.NET\Framework\v4.0.30319\Microsoft.WorkflowBuildExtensions.targets(16,5): message :     
C:\WINDOWS\Microsoft.NET\Framework\v4.0.30319\Microsoft.WorkflowBuildExtensions.targets(16,5): message :        
C:\WINDOWS\Microsoft.NET\Framework\v4.0.30319\Microsoft.WorkflowBuildExtensions.targets(16,5): message :     ") at C:\WINDOWS\Microsoft.NET\Framework\v4.0.30319\Microsoft.WorkflowBuildExtensions.targets (16,5)
Search paths being used for $(MSBuildExtensionsPath) are C:\Program Files (x86)\Microsoft Visual Studio\18\BuildTools\MSBuild;$(MSBuildProgramFiles32)\MSBuild
Trying to import C:\Program Files (x86)\Microsoft Visual Studio\18\BuildTools\MSBuild\$(MSBuildToolsVersion)\Microsoft.Common.targets\ImportAfter\* using extensions path C:\Program Files (x86)\Microsoft Visual Studio\18\BuildTools\MSBuild
Search paths being used for $(MSBuildExtensionsPath) are C:\Program Files (x86)\Microsoft Visual Studio\18\BuildTools\MSBuild;$(MSBuildProgramFiles32)\MSBuild
Trying to import C:\Program Files (x86)\Microsoft Visual Studio\18\BuildTools\MSBuild\Sdks\Microsoft.Docker.Sdk\build\Microsoft.Docker.targets using extensions path C:\Program Files (x86)\Microsoft Visual Studio\18\BuildTools\MSBuild
C:\Program Files (x86)\Microsoft Visual Studio\18\BuildTools\MSBuild\Microsoft\NuGet\18.0\Microsoft.NuGet.targets(74,5): message : Property reassignment: $(ProjectLockFile)="obj\project.assets.json" (previous value: "c:\Users\malak\Desktop\myprojects\HospitalManagementSystem\HospitalManagementSystem.Web\obj\project.assets.json") at C:\Program Files (x86)\Microsoft Visual Studio\18\BuildTools\MSBuild\Microsoft\NuGet\18.0\Microsoft.NuGet.targets (74,5)
C:\Program Files (x86)\Microsoft Visual Studio\18\BuildTools\MSBuild\Microsoft\NuGet\18.0\Microsoft.NuGet.targets(185,5): message : Property reassignment: $(ResolveAssemblyReferencesDependsOn)="
C:\Program Files (x86)\Microsoft Visual Studio\18\BuildTools\MSBuild\Microsoft\NuGet\18.0\Microsoft.NuGet.targets(185,5): message :       ResolveProjectReferences;
C:\Program Files (x86)\Microsoft Visual Studio\18\BuildTools\MSBuild\Microsoft\NuGet\18.0\Microsoft.NuGet.targets(185,5): message :       FindInvalidProjectReferences;
C:\Program Files (x86)\Microsoft Visual Studio\18\BuildTools\MSBuild\Microsoft\NuGet\18.0\Microsoft.NuGet.targets(185,5): message :       GetFrameworkPaths;
C:\Program Files (x86)\Microsoft Visual Studio\18\BuildTools\MSBuild\Microsoft\NuGet\18.0\Microsoft.NuGet.targets(185,5): message :       GetReferenceAssemblyPaths;
C:\Program Files (x86)\Microsoft Visual Studio\18\BuildTools\MSBuild\Microsoft\NuGet\18.0\Microsoft.NuGet.targets(185,5): message :       PrepareForBuild;
C:\Program Files (x86)\Microsoft Visual Studio\18\BuildTools\MSBuild\Microsoft\NuGet\18.0\Microsoft.NuGet.targets(185,5): message :       ResolveSDKReferences;
C:\Program Files (x86)\Microsoft Visual Studio\18\BuildTools\MSBuild\Microsoft\NuGet\18.0\Microsoft.NuGet.targets(185,5): message :       ExpandSDKReferences;
C:\Program Files (x86)\Microsoft Visual Studio\18\BuildTools\MSBuild\Microsoft\NuGet\18.0\Microsoft.NuGet.targets(185,5): message :     ;ResolveNuGetPackageAssets" (previous value: "
C:\Program Files (x86)\Microsoft Visual Studio\18\BuildTools\MSBuild\Microsoft\NuGet\18.0\Microsoft.NuGet.targets(185,5): message :       ResolveProjectReferences;
C:\Program Files (x86)\Microsoft Visual Studio\18\BuildTools\MSBuild\Microsoft\NuGet\18.0\Microsoft.NuGet.targets(185,5): message :       FindInvalidProjectReferences;
C:\Program Files (x86)\Microsoft Visual Studio\18\BuildTools\MSBuild\Microsoft\NuGet\18.0\Microsoft.NuGet.targets(185,5): message :       GetFrameworkPaths;
C:\Program Files (x86)\Microsoft Visual Studio\18\BuildTools\MSBuild\Microsoft\NuGet\18.0\Microsoft.NuGet.targets(185,5): message :       GetReferenceAssemblyPaths;
C:\Program Files (x86)\Microsoft Visual Studio\18\BuildTools\MSBuild\Microsoft\NuGet\18.0\Microsoft.NuGet.targets(185,5): message :       PrepareForBuild;
C:\Program Files (x86)\Microsoft Visual Studio\18\BuildTools\MSBuild\Microsoft\NuGet\18.0\Microsoft.NuGet.targets(185,5): message :       ResolveSDKReferences;
C:\Program Files (x86)\Microsoft Visual Studio\18\BuildTools\MSBuild\Microsoft\NuGet\18.0\Microsoft.NuGet.targets(185,5): message :       ExpandSDKReferences;
C:\Program Files (x86)\Microsoft Visual Studio\18\BuildTools\MSBuild\Microsoft\NuGet\18.0\Microsoft.NuGet.targets(185,5): message :     ") at C:\Program Files (x86)\Microsoft Visual Studio\18\BuildTools\MSBuild\Microsoft\NuGet\18.0\Microsoft.NuGet.targets (185,5)
C:\Program Files (x86)\Microsoft Visual Studio\18\BuildTools\MSBuild\Microsoft\NuGet\18.0\Microsoft.NuGet.targets(186,5): message : Property reassignment: $(PrepareResourcesDependsOn)="ResolveNuGetPackageAssets;
C:\Program Files (x86)\Microsoft Visual Studio\18\BuildTools\MSBuild\Microsoft\NuGet\18.0\Microsoft.NuGet.targets(186,5): message :       ValidationExtension;
C:\Program Files (x86)\Microsoft Visual Studio\18\BuildTools\MSBuild\Microsoft\NuGet\18.0\Microsoft.NuGet.targets(186,5): message :       ExpressionBuildExtension;
C:\Program Files (x86)\Microsoft Visual Studio\18\BuildTools\MSBuild\Microsoft\NuGet\18.0\Microsoft.NuGet.targets(186,5): message :       
C:\Program Files (x86)\Microsoft Visual Studio\18\BuildTools\MSBuild\Microsoft\NuGet\18.0\Microsoft.NuGet.targets(186,5): message :       XamlMarkupCompilePass1;
C:\Program Files (x86)\Microsoft Visual Studio\18\BuildTools\MSBuild\Microsoft\NuGet\18.0\Microsoft.NuGet.targets(186,5): message :       XamlMarkupCompilePass2;
C:\Program Files (x86)\Microsoft Visual Studio\18\BuildTools\MSBuild\Microsoft\NuGet\18.0\Microsoft.NuGet.targets(186,5): message :       
C:\Program Files (x86)\Microsoft Visual Studio\18\BuildTools\MSBuild\Microsoft\NuGet\18.0\Microsoft.NuGet.targets(186,5): message :                 MarkupCompilePass1;
C:\Program Files (x86)\Microsoft Visual Studio\18\BuildTools\MSBuild\Microsoft\NuGet\18.0\Microsoft.NuGet.targets(186,5): message :                 AfterMarkupCompilePass1;
C:\Program Files (x86)\Microsoft Visual Studio\18\BuildTools\MSBuild\Microsoft\NuGet\18.0\Microsoft.NuGet.targets(186,5): message :                 MarkupCompilePass2ForMainAssembly;
C:\Program Files (x86)\Microsoft Visual Studio\18\BuildTools\MSBuild\Microsoft\NuGet\18.0\Microsoft.NuGet.targets(186,5): message :                 FileClassification;
C:\Program Files (x86)\Microsoft Visual Studio\18\BuildTools\MSBuild\Microsoft\NuGet\18.0\Microsoft.NuGet.targets(186,5): message :                 MainResourcesGeneration;
C:\Program Files (x86)\Microsoft Visual Studio\18\BuildTools\MSBuild\Microsoft\NuGet\18.0\Microsoft.NuGet.targets(186,5): message :                 
C:\Program Files (x86)\Microsoft Visual Studio\18\BuildTools\MSBuild\Microsoft\NuGet\18.0\Microsoft.NuGet.targets(186,5): message :       ;
C:\Program Files (x86)\Microsoft Visual Studio\18\BuildTools\MSBuild\Microsoft\NuGet\18.0\Microsoft.NuGet.targets(186,5): message :       PrepareResourceNames;
C:\Program Files (x86)\Microsoft Visual Studio\18\BuildTools\MSBuild\Microsoft\NuGet\18.0\Microsoft.NuGet.targets(186,5): message :       ResGen;
C:\Program Files (x86)\Microsoft Visual Studio\18\BuildTools\MSBuild\Microsoft\NuGet\18.0\Microsoft.NuGet.targets(186,5): message :       CompileLicxFiles
C:\Program Files (x86)\Microsoft Visual Studio\18\BuildTools\MSBuild\Microsoft\NuGet\18.0\Microsoft.NuGet.targets(186,5): message :     
C:\Program Files (x86)\Microsoft Visual Studio\18\BuildTools\MSBuild\Microsoft\NuGet\18.0\Microsoft.NuGet.targets(186,5): message :        
C:\Program Files (x86)\Microsoft Visual Studio\18\BuildTools\MSBuild\Microsoft\NuGet\18.0\Microsoft.NuGet.targets(186,5): message :     
C:\Program Files (x86)\Microsoft Visual Studio\18\BuildTools\MSBuild\Microsoft\NuGet\18.0\Microsoft.NuGet.targets(186,5): message :     " (previous value: "
C:\Program Files (x86)\Microsoft Visual Studio\18\BuildTools\MSBuild\Microsoft\NuGet\18.0\Microsoft.NuGet.targets(186,5): message :       ValidationExtension;
C:\Program Files (x86)\Microsoft Visual Studio\18\BuildTools\MSBuild\Microsoft\NuGet\18.0\Microsoft.NuGet.targets(186,5): message :       ExpressionBuildExtension;
C:\Program Files (x86)\Microsoft Visual Studio\18\BuildTools\MSBuild\Microsoft\NuGet\18.0\Microsoft.NuGet.targets(186,5): message :       
C:\Program Files (x86)\Microsoft Visual Studio\18\BuildTools\MSBuild\Microsoft\NuGet\18.0\Microsoft.NuGet.targets(186,5): message :       XamlMarkupCompilePass1;
C:\Program Files (x86)\Microsoft Visual Studio\18\BuildTools\MSBuild\Microsoft\NuGet\18.0\Microsoft.NuGet.targets(186,5): message :       XamlMarkupCompilePass2;
C:\Program Files (x86)\Microsoft Visual Studio\18\BuildTools\MSBuild\Microsoft\NuGet\18.0\Microsoft.NuGet.targets(186,5): message :       
C:\Program Files (x86)\Microsoft Visual Studio\18\BuildTools\MSBuild\Microsoft\NuGet\18.0\Microsoft.NuGet.targets(186,5): message :                 MarkupCompilePass1;
C:\Program Files (x86)\Microsoft Visual Studio\18\BuildTools\MSBuild\Microsoft\NuGet\18.0\Microsoft.NuGet.targets(186,5): message :                 AfterMarkupCompilePass1;
C:\Program Files (x86)\Microsoft Visual Studio\18\BuildTools\MSBuild\Microsoft\NuGet\18.0\Microsoft.NuGet.targets(186,5): message :                 MarkupCompilePass2ForMainAssembly;
C:\Program Files (x86)\Microsoft Visual Studio\18\BuildTools\MSBuild\Microsoft\NuGet\18.0\Microsoft.NuGet.targets(186,5): message :                 FileClassification;
C:\Program Files (x86)\Microsoft Visual Studio\18\BuildTools\MSBuild\Microsoft\NuGet\18.0\Microsoft.NuGet.targets(186,5): message :                 MainResourcesGeneration;
C:\Program Files (x86)\Microsoft Visual Studio\18\BuildTools\MSBuild\Microsoft\NuGet\18.0\Microsoft.NuGet.targets(186,5): message :                 
C:\Program Files (x86)\Microsoft Visual Studio\18\BuildTools\MSBuild\Microsoft\NuGet\18.0\Microsoft.NuGet.targets(186,5): message :       ;
C:\Program Files (x86)\Microsoft Visual Studio\18\BuildTools\MSBuild\Microsoft\NuGet\18.0\Microsoft.NuGet.targets(186,5): message :       PrepareResourceNames;
C:\Program Files (x86)\Microsoft Visual Studio\18\BuildTools\MSBuild\Microsoft\NuGet\18.0\Microsoft.NuGet.targets(186,5): message :       ResGen;
C:\Program Files (x86)\Microsoft Visual Studio\18\BuildTools\MSBuild\Microsoft\NuGet\18.0\Microsoft.NuGet.targets(186,5): message :       CompileLicxFiles
C:\Program Files (x86)\Microsoft Visual Studio\18\BuildTools\MSBuild\Microsoft\NuGet\18.0\Microsoft.NuGet.targets(186,5): message :     
C:\Program Files (x86)\Microsoft Visual Studio\18\BuildTools\MSBuild\Microsoft\NuGet\18.0\Microsoft.NuGet.targets(186,5): message :        
C:\Program Files (x86)\Microsoft Visual Studio\18\BuildTools\MSBuild\Microsoft\NuGet\18.0\Microsoft.NuGet.targets(186,5): message :     
C:\Program Files (x86)\Microsoft Visual Studio\18\BuildTools\MSBuild\Microsoft\NuGet\18.0\Microsoft.NuGet.targets(186,5): message :     ") at C:\Program Files (x86)\Microsoft Visual Studio\18\BuildTools\MSBuild\Microsoft\NuGet\18.0\Microsoft.NuGet.targets (186,5)
C:\Program Files (x86)\Microsoft Visual Studio\18\BuildTools\MSBuild\Microsoft\NuGet\18.0\Microsoft.NuGet.targets(267,5): message : Property reassignment: $(_HandlePackageFileConflictsAfter)="ResolveNuGetPackageAssets;ResolveNuGetPackageAssetsNonAOT" (previous value: "ResolveNuGetPackageAssets") at C:\Program Files (x86)\Microsoft Visual Studio\18\BuildTools\MSBuild\Microsoft\NuGet\18.0\Microsoft.NuGet.targets (267,5)
Search paths being used for $(MSBuildExtensionsPath) are C:\Program Files (x86)\Microsoft Visual Studio\18\BuildTools\MSBuild;$(MSBuildProgramFiles32)\MSBuild
Search paths being used for $(MSBuildExtensionsPath) are C:\Program Files (x86)\Microsoft Visual Studio\18\BuildTools\MSBuild;$(MSBuildProgramFiles32)\MSBuild
Search paths being used for $(VSToolsPath) are C:\Program Files (x86)\Microsoft Visual Studio\18\BuildTools\MSBuild\Microsoft\VisualStudio\v18.0;$(MSBuildProgramFiles32)\MSBuild\Microsoft\VisualStudio\v$(VisualStudioVersion)
Trying to import C:\Program Files (x86)\Microsoft Visual Studio\18\BuildTools\MSBuild\Microsoft\VisualStudio\v18.0\WebApplications\Microsoft.WebApplication.targets using extensions path C:\Program Files (x86)\Microsoft Visual Studio\18\BuildTools\MSBuild\Microsoft\VisualStudio\v18.0
C:\Program Files (x86)\Microsoft Visual Studio\18\BuildTools\MSBuild\Microsoft\VisualStudio\v18.0\WebApplications\Microsoft.WebApplication.targets(27,5): message : Property reassignment: $(CleanWebProjectOutputDir)="False" (previous value: "True") at C:\Program Files (x86)\Microsoft Visual Studio\18\BuildTools\MSBuild\Microsoft\VisualStudio\v18.0\WebApplications\Microsoft.WebApplication.targets (27,5)
C:\Program Files (x86)\Microsoft Visual Studio\18\BuildTools\MSBuild\Microsoft\VisualStudio\v18.0\WebApplications\Microsoft.WebApplication.targets(37,5): message : Property reassignment: $(PrepareForRunDependsOn)="
C:\Program Files (x86)\Microsoft Visual Studio\18\BuildTools\MSBuild\Microsoft\VisualStudio\v18.0\WebApplications\Microsoft.WebApplication.targets(37,5): message :       
C:\Program Files (x86)\Microsoft Visual Studio\18\BuildTools\MSBuild\Microsoft\VisualStudio\v18.0\WebApplications\Microsoft.WebApplication.targets(37,5): message :       CopyFilesToOutputDirectory
C:\Program Files (x86)\Microsoft Visual Studio\18\BuildTools\MSBuild\Microsoft\VisualStudio\v18.0\WebApplications\Microsoft.WebApplication.targets(37,5): message :     ;
C:\Program Files (x86)\Microsoft Visual Studio\18\BuildTools\MSBuild\Microsoft\VisualStudio\v18.0\WebApplications\Microsoft.WebApplication.targets(37,5): message :       CopySilverlightApplications;
C:\Program Files (x86)\Microsoft Visual Studio\18\BuildTools\MSBuild\Microsoft\VisualStudio\v18.0\WebApplications\Microsoft.WebApplication.targets(37,5): message :       _CopyBinDeployableAssemblies;
C:\Program Files (x86)\Microsoft Visual Studio\18\BuildTools\MSBuild\Microsoft\VisualStudio\v18.0\WebApplications\Microsoft.WebApplication.targets(37,5): message :     " (previous value: "
C:\Program Files (x86)\Microsoft Visual Studio\18\BuildTools\MSBuild\Microsoft\VisualStudio\v18.0\WebApplications\Microsoft.WebApplication.targets(37,5): message :       CopyFilesToOutputDirectory
C:\Program Files (x86)\Microsoft Visual Studio\18\BuildTools\MSBuild\Microsoft\VisualStudio\v18.0\WebApplications\Microsoft.WebApplication.targets(37,5): message :     ") at C:\Program Files (x86)\Microsoft Visual Studio\18\BuildTools\MSBuild\Microsoft\VisualStudio\v18.0\WebApplications\Microsoft.WebApplication.targets (37,5)
C:\Program Files (x86)\Microsoft Visual Studio\18\BuildTools\MSBuild\Microsoft\VisualStudio\v18.0\WebApplications\Microsoft.WebApplication.targets(42,5): message : Property reassignment: $(PrepareForRunDependsOn)="
C:\Program Files (x86)\Microsoft Visual Studio\18\BuildTools\MSBuild\Microsoft\VisualStudio\v18.0\WebApplications\Microsoft.WebApplication.targets(42,5): message :       
C:\Program Files (x86)\Microsoft Visual Studio\18\BuildTools\MSBuild\Microsoft\VisualStudio\v18.0\WebApplications\Microsoft.WebApplication.targets(42,5): message :       
C:\Program Files (x86)\Microsoft Visual Studio\18\BuildTools\MSBuild\Microsoft\VisualStudio\v18.0\WebApplications\Microsoft.WebApplication.targets(42,5): message :       CopyFilesToOutputDirectory
C:\Program Files (x86)\Microsoft Visual Studio\18\BuildTools\MSBuild\Microsoft\VisualStudio\v18.0\WebApplications\Microsoft.WebApplication.targets(42,5): message :     ;
C:\Program Files (x86)\Microsoft Visual Studio\18\BuildTools\MSBuild\Microsoft\VisualStudio\v18.0\WebApplications\Microsoft.WebApplication.targets(42,5): message :       CopySilverlightApplications;
C:\Program Files (x86)\Microsoft Visual Studio\18\BuildTools\MSBuild\Microsoft\VisualStudio\v18.0\WebApplications\Microsoft.WebApplication.targets(42,5): message :       _CopyBinDeployableAssemblies;
C:\Program Files (x86)\Microsoft Visual Studio\18\BuildTools\MSBuild\Microsoft\VisualStudio\v18.0\WebApplications\Microsoft.WebApplication.targets(42,5): message :     ;
C:\Program Files (x86)\Microsoft Visual Studio\18\BuildTools\MSBuild\Microsoft\VisualStudio\v18.0\WebApplications\Microsoft.WebApplication.targets(42,5): message :       _CopyWebApplication;
C:\Program Files (x86)\Microsoft Visual Studio\18\BuildTools\MSBuild\Microsoft\VisualStudio\v18.0\WebApplications\Microsoft.WebApplication.targets(42,5): message :       _BuiltWebOutputGroupOutput
C:\Program Files (x86)\Microsoft Visual Studio\18\BuildTools\MSBuild\Microsoft\VisualStudio\v18.0\WebApplications\Microsoft.WebApplication.targets(42,5): message :     " (previous value: "
C:\Program Files (x86)\Microsoft Visual Studio\18\BuildTools\MSBuild\Microsoft\VisualStudio\v18.0\WebApplications\Microsoft.WebApplication.targets(42,5): message :       
C:\Program Files (x86)\Microsoft Visual Studio\18\BuildTools\MSBuild\Microsoft\VisualStudio\v18.0\WebApplications\Microsoft.WebApplication.targets(42,5): message :       CopyFilesToOutputDirectory
C:\Program Files (x86)\Microsoft Visual Studio\18\BuildTools\MSBuild\Microsoft\VisualStudio\v18.0\WebApplications\Microsoft.WebApplication.targets(42,5): message :     ;
C:\Program Files (x86)\Microsoft Visual Studio\18\BuildTools\MSBuild\Microsoft\VisualStudio\v18.0\WebApplications\Microsoft.WebApplication.targets(42,5): message :       CopySilverlightApplications;
C:\Program Files (x86)\Microsoft Visual Studio\18\BuildTools\MSBuild\Microsoft\VisualStudio\v18.0\WebApplications\Microsoft.WebApplication.targets(42,5): message :       _CopyBinDeployableAssemblies;
C:\Program Files (x86)\Microsoft Visual Studio\18\BuildTools\MSBuild\Microsoft\VisualStudio\v18.0\WebApplications\Microsoft.WebApplication.targets(42,5): message :     ") at C:\Program Files (x86)\Microsoft Visual Studio\18\BuildTools\MSBuild\Microsoft\VisualStudio\v18.0\WebApplications\Microsoft.WebApplication.targets (42,5)
C:\Program Files (x86)\Microsoft Visual Studio\18\BuildTools\MSBuild\Microsoft\VisualStudio\v18.0\WebApplications\Microsoft.WebApplication.targets(53,5): message : Property reassignment: $(CleanDependsOn)="
C:\Program Files (x86)\Microsoft Visual Studio\18\BuildTools\MSBuild\Microsoft\VisualStudio\v18.0\WebApplications\Microsoft.WebApplication.targets(53,5): message :       
C:\Program Files (x86)\Microsoft Visual Studio\18\BuildTools\MSBuild\Microsoft\VisualStudio\v18.0\WebApplications\Microsoft.WebApplication.targets(53,5): message :       
C:\Program Files (x86)\Microsoft Visual Studio\18\BuildTools\MSBuild\Microsoft\VisualStudio\v18.0\WebApplications\Microsoft.WebApplication.targets(53,5): message :       BeforeClean;
C:\Program Files (x86)\Microsoft Visual Studio\18\BuildTools\MSBuild\Microsoft\VisualStudio\v18.0\WebApplications\Microsoft.WebApplication.targets(53,5): message :       UnmanagedUnregistration;
C:\Program Files (x86)\Microsoft Visual Studio\18\BuildTools\MSBuild\Microsoft\VisualStudio\v18.0\WebApplications\Microsoft.WebApplication.targets(53,5): message :       CoreClean;
C:\Program Files (x86)\Microsoft Visual Studio\18\BuildTools\MSBuild\Microsoft\VisualStudio\v18.0\WebApplications\Microsoft.WebApplication.targets(53,5): message :       CleanReferencedProjects;
C:\Program Files (x86)\Microsoft Visual Studio\18\BuildTools\MSBuild\Microsoft\VisualStudio\v18.0\WebApplications\Microsoft.WebApplication.targets(53,5): message :       CleanPublishFolder;
C:\Program Files (x86)\Microsoft Visual Studio\18\BuildTools\MSBuild\Microsoft\VisualStudio\v18.0\WebApplications\Microsoft.WebApplication.targets(53,5): message :       AfterClean
C:\Program Files (x86)\Microsoft Visual Studio\18\BuildTools\MSBuild\Microsoft\VisualStudio\v18.0\WebApplications\Microsoft.WebApplication.targets(53,5): message :     ;
C:\Program Files (x86)\Microsoft Visual Studio\18\BuildTools\MSBuild\Microsoft\VisualStudio\v18.0\WebApplications\Microsoft.WebApplication.targets(53,5): message :       EntityClean;
C:\Program Files (x86)\Microsoft Visual Studio\18\BuildTools\MSBuild\Microsoft\VisualStudio\v18.0\WebApplications\Microsoft.WebApplication.targets(53,5): message :     ;
C:\Program Files (x86)\Microsoft Visual Studio\18\BuildTools\MSBuild\Microsoft\VisualStudio\v18.0\WebApplications\Microsoft.WebApplication.targets(53,5): message :       CleanWebProjectOutputDir;
C:\Program Files (x86)\Microsoft Visual Studio\18\BuildTools\MSBuild\Microsoft\VisualStudio\v18.0\WebApplications\Microsoft.WebApplication.targets(53,5): message :     " (previous value: "
C:\Program Files (x86)\Microsoft Visual Studio\18\BuildTools\MSBuild\Microsoft\VisualStudio\v18.0\WebApplications\Microsoft.WebApplication.targets(53,5): message :       
C:\Program Files (x86)\Microsoft Visual Studio\18\BuildTools\MSBuild\Microsoft\VisualStudio\v18.0\WebApplications\Microsoft.WebApplication.targets(53,5): message :       BeforeClean;
C:\Program Files (x86)\Microsoft Visual Studio\18\BuildTools\MSBuild\Microsoft\VisualStudio\v18.0\WebApplications\Microsoft.WebApplication.targets(53,5): message :       UnmanagedUnregistration;
C:\Program Files (x86)\Microsoft Visual Studio\18\BuildTools\MSBuild\Microsoft\VisualStudio\v18.0\WebApplications\Microsoft.WebApplication.targets(53,5): message :       CoreClean;
C:\Program Files (x86)\Microsoft Visual Studio\18\BuildTools\MSBuild\Microsoft\VisualStudio\v18.0\WebApplications\Microsoft.WebApplication.targets(53,5): message :       CleanReferencedProjects;
C:\Program Files (x86)\Microsoft Visual Studio\18\BuildTools\MSBuild\Microsoft\VisualStudio\v18.0\WebApplications\Microsoft.WebApplication.targets(53,5): message :       CleanPublishFolder;
C:\Program Files (x86)\Microsoft Visual Studio\18\BuildTools\MSBuild\Microsoft\VisualStudio\v18.0\WebApplications\Microsoft.WebApplication.targets(53,5): message :       AfterClean
C:\Program Files (x86)\Microsoft Visual Studio\18\BuildTools\MSBuild\Microsoft\VisualStudio\v18.0\WebApplications\Microsoft.WebApplication.targets(53,5): message :     ;
C:\Program Files (x86)\Microsoft Visual Studio\18\BuildTools\MSBuild\Microsoft\VisualStudio\v18.0\WebApplications\Microsoft.WebApplication.targets(53,5): message :       EntityClean;
C:\Program Files (x86)\Microsoft Visual Studio\18\BuildTools\MSBuild\Microsoft\VisualStudio\v18.0\WebApplications\Microsoft.WebApplication.targets(53,5): message :     ") at C:\Program Files (x86)\Microsoft Visual Studio\18\BuildTools\MSBuild\Microsoft\VisualStudio\v18.0\WebApplications\Microsoft.WebApplication.targets (53,5)
C:\Program Files (x86)\Microsoft Visual Studio\18\BuildTools\MSBuild\Microsoft\VisualStudio\v18.0\Web\Microsoft.Web.Publishing.targets(215,5): message : Property reassignment: $(CleanDependsOn)="
C:\Program Files (x86)\Microsoft Visual Studio\18\BuildTools\MSBuild\Microsoft\VisualStudio\v18.0\Web\Microsoft.Web.Publishing.targets(215,5): message :       
C:\Program Files (x86)\Microsoft Visual Studio\18\BuildTools\MSBuild\Microsoft\VisualStudio\v18.0\Web\Microsoft.Web.Publishing.targets(215,5): message :       
C:\Program Files (x86)\Microsoft Visual Studio\18\BuildTools\MSBuild\Microsoft\VisualStudio\v18.0\Web\Microsoft.Web.Publishing.targets(215,5): message :       
C:\Program Files (x86)\Microsoft Visual Studio\18\BuildTools\MSBuild\Microsoft\VisualStudio\v18.0\Web\Microsoft.Web.Publishing.targets(215,5): message :       BeforeClean;
C:\Program Files (x86)\Microsoft Visual Studio\18\BuildTools\MSBuild\Microsoft\VisualStudio\v18.0\Web\Microsoft.Web.Publishing.targets(215,5): message :       UnmanagedUnregistration;
C:\Program Files (x86)\Microsoft Visual Studio\18\BuildTools\MSBuild\Microsoft\VisualStudio\v18.0\Web\Microsoft.Web.Publishing.targets(215,5): message :       CoreClean;
C:\Program Files (x86)\Microsoft Visual Studio\18\BuildTools\MSBuild\Microsoft\VisualStudio\v18.0\Web\Microsoft.Web.Publishing.targets(215,5): message :       CleanReferencedProjects;
C:\Program Files (x86)\Microsoft Visual Studio\18\BuildTools\MSBuild\Microsoft\VisualStudio\v18.0\Web\Microsoft.Web.Publishing.targets(215,5): message :       CleanPublishFolder;
C:\Program Files (x86)\Microsoft Visual Studio\18\BuildTools\MSBuild\Microsoft\VisualStudio\v18.0\Web\Microsoft.Web.Publishing.targets(215,5): message :       AfterClean
C:\Program Files (x86)\Microsoft Visual Studio\18\BuildTools\MSBuild\Microsoft\VisualStudio\v18.0\Web\Microsoft.Web.Publishing.targets(215,5): message :     ;
C:\Program Files (x86)\Microsoft Visual Studio\18\BuildTools\MSBuild\Microsoft\VisualStudio\v18.0\Web\Microsoft.Web.Publishing.targets(215,5): message :       EntityClean;
C:\Program Files (x86)\Microsoft Visual Studio\18\BuildTools\MSBuild\Microsoft\VisualStudio\v18.0\Web\Microsoft.Web.Publishing.targets(215,5): message :     ;
C:\Program Files (x86)\Microsoft Visual Studio\18\BuildTools\MSBuild\Microsoft\VisualStudio\v18.0\Web\Microsoft.Web.Publishing.targets(215,5): message :       CleanWebProjectOutputDir;
C:\Program Files (x86)\Microsoft Visual Studio\18\BuildTools\MSBuild\Microsoft\VisualStudio\v18.0\Web\Microsoft.Web.Publishing.targets(215,5): message :     ;
C:\Program Files (x86)\Microsoft Visual Studio\18\BuildTools\MSBuild\Microsoft\VisualStudio\v18.0\Web\Microsoft.Web.Publishing.targets(215,5): message :       
C:\Program Files (x86)\Microsoft Visual Studio\18\BuildTools\MSBuild\Microsoft\VisualStudio\v18.0\Web\Microsoft.Web.Publishing.targets(215,5): message :       ;
C:\Program Files (x86)\Microsoft Visual Studio\18\BuildTools\MSBuild\Microsoft\VisualStudio\v18.0\Web\Microsoft.Web.Publishing.targets(215,5): message :       CleanWebsitesPackage;
C:\Program Files (x86)\Microsoft Visual Studio\18\BuildTools\MSBuild\Microsoft\VisualStudio\v18.0\Web\Microsoft.Web.Publishing.targets(215,5): message :       CleanWebsitesWPPAllFilesInSingleFolder;
C:\Program Files (x86)\Microsoft Visual Studio\18\BuildTools\MSBuild\Microsoft\VisualStudio\v18.0\Web\Microsoft.Web.Publishing.targets(215,5): message :       CleanWebPublishPipelineIntermediateOutput;
C:\Program Files (x86)\Microsoft Visual Studio\18\BuildTools\MSBuild\Microsoft\VisualStudio\v18.0\Web\Microsoft.Web.Publishing.targets(215,5): message :     ;
C:\Program Files (x86)\Microsoft Visual Studio\18\BuildTools\MSBuild\Microsoft\VisualStudio\v18.0\Web\Microsoft.Web.Publishing.targets(215,5): message :     " (previous value: "
C:\Program Files (x86)\Microsoft Visual Studio\18\BuildTools\MSBuild\Microsoft\VisualStudio\v18.0\Web\Microsoft.Web.Publishing.targets(215,5): message :       
C:\Program Files (x86)\Microsoft Visual Studio\18\BuildTools\MSBuild\Microsoft\VisualStudio\v18.0\Web\Microsoft.Web.Publishing.targets(215,5): message :       
C:\Program Files (x86)\Microsoft Visual Studio\18\BuildTools\MSBuild\Microsoft\VisualStudio\v18.0\Web\Microsoft.Web.Publishing.targets(215,5): message :       BeforeClean;
C:\Program Files (x86)\Microsoft Visual Studio\18\BuildTools\MSBuild\Microsoft\VisualStudio\v18.0\Web\Microsoft.Web.Publishing.targets(215,5): message :       UnmanagedUnregistration;
C:\Program Files (x86)\Microsoft Visual Studio\18\BuildTools\MSBuild\Microsoft\VisualStudio\v18.0\Web\Microsoft.Web.Publishing.targets(215,5): message :       CoreClean;
C:\Program Files (x86)\Microsoft Visual Studio\18\BuildTools\MSBuild\Microsoft\VisualStudio\v18.0\Web\Microsoft.Web.Publishing.targets(215,5): message :       CleanReferencedProjects;
C:\Program Files (x86)\Microsoft Visual Studio\18\BuildTools\MSBuild\Microsoft\VisualStudio\v18.0\Web\Microsoft.Web.Publishing.targets(215,5): message :       CleanPublishFolder;
C:\Program Files (x86)\Microsoft Visual Studio\18\BuildTools\MSBuild\Microsoft\VisualStudio\v18.0\Web\Microsoft.Web.Publishing.targets(215,5): message :       AfterClean
C:\Program Files (x86)\Microsoft Visual Studio\18\BuildTools\MSBuild\Microsoft\VisualStudio\v18.0\Web\Microsoft.Web.Publishing.targets(215,5): message :     ;
C:\Program Files (x86)\Microsoft Visual Studio\18\BuildTools\MSBuild\Microsoft\VisualStudio\v18.0\Web\Microsoft.Web.Publishing.targets(215,5): message :       EntityClean;
C:\Program Files (x86)\Microsoft Visual Studio\18\BuildTools\MSBuild\Microsoft\VisualStudio\v18.0\Web\Microsoft.Web.Publishing.targets(215,5): message :     ;
C:\Program Files (x86)\Microsoft Visual Studio\18\BuildTools\MSBuild\Microsoft\VisualStudio\v18.0\Web\Microsoft.Web.Publishing.targets(215,5): message :       CleanWebProjectOutputDir;
C:\Program Files (x86)\Microsoft Visual Studio\18\BuildTools\MSBuild\Microsoft\VisualStudio\v18.0\Web\Microsoft.Web.Publishing.targets(215,5): message :     ") at C:\Program Files (x86)\Microsoft Visual Studio\18\BuildTools\MSBuild\Microsoft\VisualStudio\v18.0\Web\Microsoft.Web.Publishing.targets (215,5)
C:\Program Files (x86)\Microsoft Visual Studio\18\BuildTools\MSBuild\Microsoft\VisualStudio\v18.0\Web\Microsoft.Web.Publishing.targets(404,5): message : Property reassignment: $(CleanWebProjectOutputDir)="True" (previous value: "False") at C:\Program Files (x86)\Microsoft Visual Studio\18\BuildTools\MSBuild\Microsoft\VisualStudio\v18.0\Web\Microsoft.Web.Publishing.targets (404,5)
C:\Program Files (x86)\Microsoft Visual Studio\18\BuildTools\MSBuild\Microsoft\VisualStudio\v18.0\Web\Microsoft.Web.Publishing.targets(405,5): message : Property reassignment: $(CleanWebProjectOutputDir)="False" (previous value: "True") at C:\Program Files (x86)\Microsoft Visual Studio\18\BuildTools\MSBuild\Microsoft\VisualStudio\v18.0\Web\Microsoft.Web.Publishing.targets (405,5)
C:\Program Files (x86)\Microsoft Visual Studio\18\BuildTools\MSBuild\Microsoft\VisualStudio\v18.0\Web\Microsoft.Web.Publishing.targets(453,5): message : Property reassignment: $(_UseDefaultLinkExtensionValue)="True" (previous value: "False") at C:\Program Files (x86)\Microsoft Visual Studio\18\BuildTools\MSBuild\Microsoft\VisualStudio\v18.0\Web\Microsoft.Web.Publishing.targets (453,5)
C:\Program Files (x86)\Microsoft Visual Studio\18\BuildTools\MSBuild\Microsoft\VisualStudio\v18.0\Web\Microsoft.Web.Publishing.targets(532,5): message : Property reassignment: $(_DestinationIisAppPhysicalPath)="c:\Users\malak\Desktop\myprojects\HospitalManagementSystem\HospitalManagementSystem.Web_deploy" (previous value: "") at C:\Program Files (x86)\Microsoft Visual Studio\18\BuildTools\MSBuild\Microsoft\VisualStudio\v18.0\Web\Microsoft.Web.Publishing.targets (532,5)
C:\Program Files (x86)\Microsoft Visual Studio\18\BuildTools\MSBuild\Microsoft\VisualStudio\v18.0\Web\Microsoft.Web.Publishing.targets(3662,5): message : Property reassignment: $(WriteItemsToSourceManifestDependsOn)="
C:\Program Files (x86)\Microsoft Visual Studio\18\BuildTools\MSBuild\Microsoft\VisualStudio\v18.0\Web\Microsoft.Web.Publishing.targets(3662,5): message :       ;
C:\Program Files (x86)\Microsoft Visual Studio\18\BuildTools\MSBuild\Microsoft\VisualStudio\v18.0\Web\Microsoft.Web.Publishing.targets(3662,5): message :       
C:\Program Files (x86)\Microsoft Visual Studio\18\BuildTools\MSBuild\Microsoft\VisualStudio\v18.0\Web\Microsoft.Web.Publishing.targets(3662,5): message :       ;
C:\Program Files (x86)\Microsoft Visual Studio\18\BuildTools\MSBuild\Microsoft\VisualStudio\v18.0\Web\Microsoft.Web.Publishing.targets(3662,5): message :       AddDatabasesToSourceManifest;
C:\Program Files (x86)\Microsoft Visual Studio\18\BuildTools\MSBuild\Microsoft\VisualStudio\v18.0\Web\Microsoft.Web.Publishing.targets(3662,5): message :     ;
C:\Program Files (x86)\Microsoft Visual Studio\18\BuildTools\MSBuild\Microsoft\VisualStudio\v18.0\Web\Microsoft.Web.Publishing.targets(3662,5): message :       AddIisSettingAndFileContentsToSourceManifest;
C:\Program Files (x86)\Microsoft Visual Studio\18\BuildTools\MSBuild\Microsoft\VisualStudio\v18.0\Web\Microsoft.Web.Publishing.targets(3662,5): message :     " (previous value: "
C:\Program Files (x86)\Microsoft Visual Studio\18\BuildTools\MSBuild\Microsoft\VisualStudio\v18.0\Web\Microsoft.Web.Publishing.targets(3662,5): message :       ;
C:\Program Files (x86)\Microsoft Visual Studio\18\BuildTools\MSBuild\Microsoft\VisualStudio\v18.0\Web\Microsoft.Web.Publishing.targets(3662,5): message :       AddDatabasesToSourceManifest;
C:\Program Files (x86)\Microsoft Visual Studio\18\BuildTools\MSBuild\Microsoft\VisualStudio\v18.0\Web\Microsoft.Web.Publishing.targets(3662,5): message :     ") at C:\Program Files (x86)\Microsoft Visual Studio\18\BuildTools\MSBuild\Microsoft\VisualStudio\v18.0\Web\Microsoft.Web.Publishing.targets (3662,5)
C:\Program Files (x86)\Microsoft Visual Studio\18\BuildTools\MSBuild\Microsoft\VisualStudio\v18.0\Web\Microsoft.Web.Publishing.targets(4633,5): message : Property reassignment: $(DbDacFxPreviewDependsOn)="
C:\Program Files (x86)\Microsoft Visual Studio\18\BuildTools\MSBuild\Microsoft\VisualStudio\v18.0\Web\Microsoft.Web.Publishing.targets(4633,5): message :       
C:\Program Files (x86)\Microsoft Visual Studio\18\BuildTools\MSBuild\Microsoft\VisualStudio\v18.0\Web\Microsoft.Web.Publishing.targets(4633,5): message :       ;
C:\Program Files (x86)\Microsoft Visual Studio\18\BuildTools\MSBuild\Microsoft\VisualStudio\v18.0\Web\Microsoft.Web.Publishing.targets(4633,5): message :       GetMSDeployInstalledVersionPath;
C:\Program Files (x86)\Microsoft Visual Studio\18\BuildTools\MSBuild\Microsoft\VisualStudio\v18.0\Web\Microsoft.Web.Publishing.targets(4633,5): message :     ;
C:\Program Files (x86)\Microsoft Visual Studio\18\BuildTools\MSBuild\Microsoft\VisualStudio\v18.0\Web\Microsoft.Web.Publishing.targets(4633,5): message :       RemoteDbDacFxPreview;
C:\Program Files (x86)\Microsoft Visual Studio\18\BuildTools\MSBuild\Microsoft\VisualStudio\v18.0\Web\Microsoft.Web.Publishing.targets(4633,5): message :     " (previous value: "
C:\Program Files (x86)\Microsoft Visual Studio\18\BuildTools\MSBuild\Microsoft\VisualStudio\v18.0\Web\Microsoft.Web.Publishing.targets(4633,5): message :       ;
C:\Program Files (x86)\Microsoft Visual Studio\18\BuildTools\MSBuild\Microsoft\VisualStudio\v18.0\Web\Microsoft.Web.Publishing.targets(4633,5): message :       GetMSDeployInstalledVersionPath;
C:\Program Files (x86)\Microsoft Visual Studio\18\BuildTools\MSBuild\Microsoft\VisualStudio\v18.0\Web\Microsoft.Web.Publishing.targets(4633,5): message :     ") at C:\Program Files (x86)\Microsoft Visual Studio\18\BuildTools\MSBuild\Microsoft\VisualStudio\v18.0\Web\Microsoft.Web.Publishing.targets (4633,5)
C:\Program Files (x86)\Microsoft Visual Studio\18\BuildTools\MSBuild\Microsoft\VisualStudio\v18.0\Web\Microsoft.Web.Publishing\ImportAfter\Microsoft.Web.AzureAD.Publishing.targets(17,5): message : Property reassignment: $(PipelineTransformPhaseDependsOn)="
C:\Program Files (x86)\Microsoft Visual Studio\18\BuildTools\MSBuild\Microsoft\VisualStudio\v18.0\Web\Microsoft.Web.Publishing\ImportAfter\Microsoft.Web.AzureAD.Publishing.targets(17,5): message :       ;
C:\Program Files (x86)\Microsoft Visual Studio\18\BuildTools\MSBuild\Microsoft\VisualStudio\v18.0\Web\Microsoft.Web.Publishing\ImportAfter\Microsoft.Web.AzureAD.Publishing.targets(17,5): message :       ;
C:\Program Files (x86)\Microsoft Visual Studio\18\BuildTools\MSBuild\Microsoft\VisualStudio\v18.0\Web\Microsoft.Web.Publishing\ImportAfter\Microsoft.Web.AzureAD.Publishing.targets(17,5): message :       PipeLineCollectFilesPhase;
C:\Program Files (x86)\Microsoft Visual Studio\18\BuildTools\MSBuild\Microsoft\VisualStudio\v18.0\Web\Microsoft.Web.Publishing\ImportAfter\Microsoft.Web.AzureAD.Publishing.targets(17,5): message :       TransformWebConfig;
C:\Program Files (x86)\Microsoft Visual Studio\18\BuildTools\MSBuild\Microsoft\VisualStudio\v18.0\Web\Microsoft.Web.Publishing\ImportAfter\Microsoft.Web.AzureAD.Publishing.targets(17,5): message :       ProfileTransformWebConfig;
C:\Program Files (x86)\Microsoft Visual Studio\18\BuildTools\MSBuild\Microsoft\VisualStudio\v18.0\Web\Microsoft.Web.Publishing\ImportAfter\Microsoft.Web.AzureAD.Publishing.targets(17,5): message :       InsertAdditionalWebCofigConnectionStrings;
C:\Program Files (x86)\Microsoft Visual Studio\18\BuildTools\MSBuild\Microsoft\VisualStudio\v18.0\Web\Microsoft.Web.Publishing\ImportAfter\Microsoft.Web.AzureAD.Publishing.targets(17,5): message :       MarkWebConfigAssistFilesAsExclude;
C:\Program Files (x86)\Microsoft Visual Studio\18\BuildTools\MSBuild\Microsoft\VisualStudio\v18.0\Web\Microsoft.Web.Publishing\ImportAfter\Microsoft.Web.AzureAD.Publishing.targets(17,5): message :     ;_TransformWebConfigForAzureAuthentication" (previous value: "
C:\Program Files (x86)\Microsoft Visual Studio\18\BuildTools\MSBuild\Microsoft\VisualStudio\v18.0\Web\Microsoft.Web.Publishing\ImportAfter\Microsoft.Web.AzureAD.Publishing.targets(17,5): message :       ;
C:\Program Files (x86)\Microsoft Visual Studio\18\BuildTools\MSBuild\Microsoft\VisualStudio\v18.0\Web\Microsoft.Web.Publishing\ImportAfter\Microsoft.Web.AzureAD.Publishing.targets(17,5): message :       ;
C:\Program Files (x86)\Microsoft Visual Studio\18\BuildTools\MSBuild\Microsoft\VisualStudio\v18.0\Web\Microsoft.Web.Publishing\ImportAfter\Microsoft.Web.AzureAD.Publishing.targets(17,5): message :       PipeLineCollectFilesPhase;
C:\Program Files (x86)\Microsoft Visual Studio\18\BuildTools\MSBuild\Microsoft\VisualStudio\v18.0\Web\Microsoft.Web.Publishing\ImportAfter\Microsoft.Web.AzureAD.Publishing.targets(17,5): message :       TransformWebConfig;
C:\Program Files (x86)\Microsoft Visual Studio\18\BuildTools\MSBuild\Microsoft\VisualStudio\v18.0\Web\Microsoft.Web.Publishing\ImportAfter\Microsoft.Web.AzureAD.Publishing.targets(17,5): message :       ProfileTransformWebConfig;
C:\Program Files (x86)\Microsoft Visual Studio\18\BuildTools\MSBuild\Microsoft\VisualStudio\v18.0\Web\Microsoft.Web.Publishing\ImportAfter\Microsoft.Web.AzureAD.Publishing.targets(17,5): message :       InsertAdditionalWebCofigConnectionStrings;
C:\Program Files (x86)\Microsoft Visual Studio\18\BuildTools\MSBuild\Microsoft\VisualStudio\v18.0\Web\Microsoft.Web.Publishing\ImportAfter\Microsoft.Web.AzureAD.Publishing.targets(17,5): message :       MarkWebConfigAssistFilesAsExclude;
C:\Program Files (x86)\Microsoft Visual Studio\18\BuildTools\MSBuild\Microsoft\VisualStudio\v18.0\Web\Microsoft.Web.Publishing\ImportAfter\Microsoft.Web.AzureAD.Publishing.targets(17,5): message :     ") at C:\Program Files (x86)\Microsoft Visual Studio\18\BuildTools\MSBuild\Microsoft\VisualStudio\v18.0\Web\Microsoft.Web.Publishing\ImportAfter\Microsoft.Web.AzureAD.Publishing.targets (17,5)
C:\Program Files (x86)\Microsoft Visual Studio\18\BuildTools\MSBuild\Microsoft\VisualStudio\v18.0\WebApplications\Microsoft.WebApplication.targets(385,5): message : Property reassignment: $(OnBeforePipelineCollectFilesPhase)="
C:\Program Files (x86)\Microsoft Visual Studio\18\BuildTools\MSBuild\Microsoft\VisualStudio\v18.0\WebApplications\Microsoft.WebApplication.targets(385,5): message :       
C:\Program Files (x86)\Microsoft Visual Studio\18\BuildTools\MSBuild\Microsoft\VisualStudio\v18.0\WebApplications\Microsoft.WebApplication.targets(385,5): message :       ;
C:\Program Files (x86)\Microsoft Visual Studio\18\BuildTools\MSBuild\Microsoft\VisualStudio\v18.0\WebApplications\Microsoft.WebApplication.targets(385,5): message :       _CleanWPPIfNeedTo;
C:\Program Files (x86)\Microsoft Visual Studio\18\BuildTools\MSBuild\Microsoft\VisualStudio\v18.0\WebApplications\Microsoft.WebApplication.targets(385,5): message :     ;
C:\Program Files (x86)\Microsoft Visual Studio\18\BuildTools\MSBuild\Microsoft\VisualStudio\v18.0\WebApplications\Microsoft.WebApplication.targets(385,5): message :       CopySilverlightApplications;
C:\Program Files (x86)\Microsoft Visual Studio\18\BuildTools\MSBuild\Microsoft\VisualStudio\v18.0\WebApplications\Microsoft.WebApplication.targets(385,5): message :     " (previous value: "
C:\Program Files (x86)\Microsoft Visual Studio\18\BuildTools\MSBuild\Microsoft\VisualStudio\v18.0\WebApplications\Microsoft.WebApplication.targets(385,5): message :       ;
C:\Program Files (x86)\Microsoft Visual Studio\18\BuildTools\MSBuild\Microsoft\VisualStudio\v18.0\WebApplications\Microsoft.WebApplication.targets(385,5): message :       _CleanWPPIfNeedTo;
C:\Program Files (x86)\Microsoft Visual Studio\18\BuildTools\MSBuild\Microsoft\VisualStudio\v18.0\WebApplications\Microsoft.WebApplication.targets(385,5): message :     ") at C:\Program Files (x86)\Microsoft Visual Studio\18\BuildTools\MSBuild\Microsoft\VisualStudio\v18.0\WebApplications\Microsoft.WebApplication.targets (385,5)
C:\Program Files (x86)\Microsoft Visual Studio\18\BuildTools\MSBuild\Microsoft\VisualStudio\v18.0\WebApplications\Microsoft.WebApplication.targets(393,5): message : Property reassignment: $(AutoUnifyAssemblyReferences)="false" (previous value: "true") at C:\Program Files (x86)\Microsoft Visual Studio\18\BuildTools\MSBuild\Microsoft\VisualStudio\v18.0\WebApplications\Microsoft.WebApplication.targets (393,5)
Overriding target "GetFrameworkPaths" in project "C:\Program Files (x86)\Microsoft Visual Studio\18\BuildTools\MSBuild\Current\Bin\Microsoft.Common.CurrentVersion.targets" with target "GetFrameworkPaths" from project "C:\Program Files (x86)\Microsoft Visual Studio\18\BuildTools\MSBuild\Current\Bin\Microsoft.NETFramework.CurrentVersion.targets".
Overriding target "SatelliteDllsProjectOutputGroup" in project "C:\Program Files (x86)\Microsoft Visual Studio\18\BuildTools\MSBuild\Current\Bin\Microsoft.Common.CurrentVersion.targets" with target "SatelliteDllsProjectOutputGroup" from project "C:\WINDOWS\Microsoft.NET\Framework\v4.0.30319\Microsoft.WinFx.targets".
Overriding target "GenerateCompiledExpressionsTempFile" in project "C:\WINDOWS\Microsoft.NET\Framework\v4.0.30319\Microsoft.WorkflowBuildExtensions.targets" with target "GenerateCompiledExpressionsTempFile" from project "C:\Program Files (x86)\Microsoft Visual Studio\18\BuildTools\MSBuild\Current\Bin\Microsoft.WorkflowBuildExtensions.targets".
The target "MvcBuildViews" listed in a BeforeTargets attribute at "C:\Program Files (x86)\Microsoft Visual Studio\18\BuildTools\MSBuild\Microsoft\VisualStudio\v18.0\Web\Microsoft.Web.Publishing.targets (869,131)" does not exist in the project, and will be ignored.
Project "c:\Users\malak\Desktop\myprojects\HospitalManagementSystem\HospitalManagementSystem.Web\HospitalManagementSystem.Web.csproj" on node 1 (Rebuild target(s)).
Project file contains ToolsVersion="15.0". This toolset may be unknown or missing, in which case you may be able to resolve this by installing the appropriate version of MSBuild, or the build may have been forced to a particular ToolsVersion for policy reasons. Treating the project as if it had ToolsVersion="Current". For more information, please see http://go.microsoft.com/fwlink/?LinkId=293424.
Target "_CheckForInvalidConfigurationAndPlatform" in file "C:\Program Files (x86)\Microsoft Visual Studio\18\BuildTools\MSBuild\Current\Bin\Microsoft.Common.CurrentVersion.targets" from project "c:\Users\malak\Desktop\myprojects\HospitalManagementSystem\HospitalManagementSystem.Web\HospitalManagementSystem.Web.csproj" (target "BeforeRebuild" depends on it):
Using "Message" task from assembly "Microsoft.Build.Tasks.Core, Version=15.1.0.0, Culture=neutral, PublicKeyToken=b03f5f7f11d50a3a".
Task "Message"
  Configuration=Release
Done executing task "Message".
Task "Message"
  Platform=AnyCPU
Done executing task "Message".
Done building target "_CheckForInvalidConfigurationAndPlatform" in project "HospitalManagementSystem.Web.csproj".
Target "BeforeRebuild" in file "C:\Program Files (x86)\Microsoft Visual Studio\18\BuildTools\MSBuild\Current\Bin\Microsoft.Common.CurrentVersion.targets" from project "c:\Users\malak\Desktop\myprojects\HospitalManagementSystem\HospitalManagementSystem.Web\HospitalManagementSystem.Web.csproj" (target "Rebuild" depends on it):
Done building target "BeforeRebuild" in project "HospitalManagementSystem.Web.csproj".
Target "BeforeClean" in file "C:\Program Files (x86)\Microsoft Visual Studio\18\BuildTools\MSBuild\Current\Bin\Microsoft.Common.CurrentVersion.targets" from project "c:\Users\malak\Desktop\myprojects\HospitalManagementSystem\HospitalManagementSystem.Web\HospitalManagementSystem.Web.csproj" (target "Clean" depends on it):
Done building target "BeforeClean" in project "HospitalManagementSystem.Web.csproj".
Target "CoreClean" in file "C:\Program Files (x86)\Microsoft Visual Studio\18\BuildTools\MSBuild\Current\Bin\Microsoft.Common.CurrentVersion.targets" from project "c:\Users\malak\Desktop\myprojects\HospitalManagementSystem\HospitalManagementSystem.Web\HospitalManagementSystem.Web.csproj" (target "Clean" depends on it):
Using "Delete" task from assembly "Microsoft.Build.Tasks.Core, Version=15.1.0.0, Culture=neutral, PublicKeyToken=b03f5f7f11d50a3a".
Task "Delete"
Done executing task "Delete".
Using "ReadLinesFromFile" task from assembly "Microsoft.Build.Tasks.Core, Version=15.1.0.0, Culture=neutral, PublicKeyToken=b03f5f7f11d50a3a".
Task "ReadLinesFromFile"
Done executing task "ReadLinesFromFile".
Using "FindUnderPath" task from assembly "Microsoft.Build.Tasks.Core, Version=15.1.0.0, Culture=neutral, PublicKeyToken=b03f5f7f11d50a3a".
Task "FindUnderPath"
  Comparison path is "bin\".
Done executing task "FindUnderPath".
Task "FindUnderPath"
  Comparison path is "obj\Release\".
Done executing task "FindUnderPath".
Task "Delete"
  Deleting file "c:\Users\malak\Desktop\myprojects\HospitalManagementSystem\HospitalManagementSystem.Web\bin\HospitalManagementSystem.Web.dll.config".
  Deleting file "c:\Users\malak\Desktop\myprojects\HospitalManagementSystem\HospitalManagementSystem.Web\bin\HospitalManagementSystem.Web.dll".
  Deleting file "c:\Users\malak\Desktop\myprojects\HospitalManagementSystem\HospitalManagementSystem.Web\bin\HospitalManagementSystem.Web.pdb".
  Deleting file "c:\Users\malak\Desktop\myprojects\HospitalManagementSystem\HospitalManagementSystem.Web\obj\Release\HospitalManagementSystem.Web.csproj.AssemblyReference.cache".
  Deleting file "c:\Users\malak\Desktop\myprojects\HospitalManagementSystem\HospitalManagementSystem.Web\obj\Release\HospitalManagementSystem.Web.csproj.CoreCompileInputs.cache".
  Deleting file "c:\Users\malak\Desktop\myprojects\HospitalManagementSystem\HospitalManagementSystem.Web\obj\Release\HospitalManagementSystem.Web.dll".
  Deleting file "c:\Users\malak\Desktop\myprojects\HospitalManagementSystem\HospitalManagementSystem.Web\obj\Release\HospitalManagementSystem.Web.pdb".
Done executing task "Delete".
Using "RemoveDuplicates" task from assembly "Microsoft.Build.Tasks.Core, Version=15.1.0.0, Culture=neutral, PublicKeyToken=b03f5f7f11d50a3a".
Task "RemoveDuplicates"
Done executing task "RemoveDuplicates".
Using "MakeDir" task from assembly "Microsoft.Build.Tasks.Core, Version=15.1.0.0, Culture=neutral, PublicKeyToken=b03f5f7f11d50a3a".
Task "MakeDir"
Done executing task "MakeDir".
Using "WriteLinesToFile" task from assembly "Microsoft.Build.Tasks.Core, Version=15.1.0.0, Culture=neutral, PublicKeyToken=b03f5f7f11d50a3a".
Task "WriteLinesToFile"
Done executing task "WriteLinesToFile".
Done building target "CoreClean" in project "HospitalManagementSystem.Web.csproj".
Target "IgnoreJavaScriptOutputAssembly" in file "C:\Program Files (x86)\Microsoft Visual Studio\18\BuildTools\MSBuild\Current\Bin\Microsoft.Common.CurrentVersion.targets" from project "c:\Users\malak\Desktop\myprojects\HospitalManagementSystem\HospitalManagementSystem.Web\HospitalManagementSystem.Web.csproj" (target "AssignProjectConfiguration" depends on it):
Done building target "IgnoreJavaScriptOutputAssembly" in project "HospitalManagementSystem.Web.csproj".
Target "_SplitProjectReferencesByFileExistence" in file "C:\Program Files (x86)\Microsoft Visual Studio\18\BuildTools\MSBuild\Current\Bin\Microsoft.Common.CurrentVersion.targets" from project "c:\Users\malak\Desktop\myprojects\HospitalManagementSystem\HospitalManagementSystem.Web\HospitalManagementSystem.Web.csproj" (target "PrepareProjectReferences" depends on it):
Done building target "_SplitProjectReferencesByFileExistence" in project "HospitalManagementSystem.Web.csproj".
Target "_AddOutputPathToGlobalPropertiesToRemove" in file "C:\Program Files (x86)\Microsoft Visual Studio\18\BuildTools\MSBuild\Current\Bin\Microsoft.Common.CurrentVersion.targets" from project "c:\Users\malak\Desktop\myprojects\HospitalManagementSystem\HospitalManagementSystem.Web\HospitalManagementSystem.Web.csproj" (target "_GetProjectReferenceTargetFrameworkProperties" depends on it):
Done building target "_AddOutputPathToGlobalPropertiesToRemove" in project "HospitalManagementSystem.Web.csproj".
Target "_GetProjectReferenceTargetFrameworkProperties" in file "C:\Program Files (x86)\Microsoft Visual Studio\18\BuildTools\MSBuild\Current\Bin\Microsoft.Common.CurrentVersion.targets" from project "c:\Users\malak\Desktop\myprojects\HospitalManagementSystem\HospitalManagementSystem.Web\HospitalManagementSystem.Web.csproj" (target "PrepareProjectReferences" depends on it):
Using "MSBuild" task from assembly "Microsoft.Build.Tasks.Core, Version=15.1.0.0, Culture=neutral, PublicKeyToken=b03f5f7f11d50a3a".
Task "MSBuild"
Done executing task "MSBuild".
Using "SetRidAgnosticValueForProjects" task from assembly "Microsoft.Build.Tasks.Core, Version=15.1.0.0, Culture=neutral, PublicKeyToken=b03f5f7f11d50a3a".
Task "SetRidAgnosticValueForProjects"
Done executing task "SetRidAgnosticValueForProjects".
Done building target "_GetProjectReferenceTargetFrameworkProperties" in project "HospitalManagementSystem.Web.csproj".
Target "PrepareProjectReferences" in file "C:\Program Files (x86)\Microsoft Visual Studio\18\BuildTools\MSBuild\Current\Bin\Microsoft.Common.CurrentVersion.targets" from project "c:\Users\malak\Desktop\myprojects\HospitalManagementSystem\HospitalManagementSystem.Web\HospitalManagementSystem.Web.csproj" (target "CleanReferencedProjects" depends on it):
Done building target "PrepareProjectReferences" in project "HospitalManagementSystem.Web.csproj".
Target "CleanReferencedProjects" in file "C:\Program Files (x86)\Microsoft Visual Studio\18\BuildTools\MSBuild\Current\Bin\Microsoft.Common.CurrentVersion.targets" from project "c:\Users\malak\Desktop\myprojects\HospitalManagementSystem\HospitalManagementSystem.Web\HospitalManagementSystem.Web.csproj" (target "Clean" depends on it):
Done building target "CleanReferencedProjects" in project "HospitalManagementSystem.Web.csproj".
Target "CleanPublishFolder" in file "C:\Program Files (x86)\Microsoft Visual Studio\18\BuildTools\MSBuild\Current\Bin\Microsoft.Common.CurrentVersion.targets" from project "c:\Users\malak\Desktop\myprojects\HospitalManagementSystem\HospitalManagementSystem.Web\HospitalManagementSystem.Web.csproj" (target "Clean" depends on it):
Done building target "CleanPublishFolder" in project "HospitalManagementSystem.Web.csproj".
Target "AfterClean" in file "C:\Program Files (x86)\Microsoft Visual Studio\18\BuildTools\MSBuild\Current\Bin\Microsoft.Common.CurrentVersion.targets" from project "c:\Users\malak\Desktop\myprojects\HospitalManagementSystem\HospitalManagementSystem.Web\HospitalManagementSystem.Web.csproj" (target "Clean" depends on it):
Done building target "AfterClean" in project "HospitalManagementSystem.Web.csproj".
Target "GenerateMsDeployManifestSettings" in file "C:\Program Files (x86)\Microsoft Visual Studio\18\BuildTools\MSBuild\Microsoft\VisualStudio\v18.0\Web\Microsoft.Web.Publishing.targets" from project "c:\Users\malak\Desktop\myprojects\HospitalManagementSystem\HospitalManagementSystem.Web\HospitalManagementSystem.Web.csproj" (target "CleanWebsitesPackage" depends on it):
Done building target "GenerateMsDeployManifestSettings" in project "HospitalManagementSystem.Web.csproj".
Target "GenerateMsDeployManifestSettings" skipped. Previously built successfully.
Target "CleanWebsitesPackageCore" in file "C:\Program Files (x86)\Microsoft Visual Studio\18\BuildTools\MSBuild\Microsoft\VisualStudio\v18.0\Web\Microsoft.Web.Publishing.targets" from project "c:\Users\malak\Desktop\myprojects\HospitalManagementSystem\HospitalManagementSystem.Web\HospitalManagementSystem.Web.csproj" (target "CleanWebsitesPackage" depends on it):
Assembly loaded during TaskRun: Microsoft.Web.Publishing.Tasks, Version=18.0.0.0, Culture=neutral, PublicKeyToken=b03f5f7f11d50a3a (location: C:\Program Files (x86)\Microsoft Visual Studio\18\BuildTools\MSBuild\Microsoft\VisualStudio\v18.0\Web\Microsoft.Web.Publishing.Tasks.dll, MVID: 37218416-2bb8-4e53-9a1e-2aefc1ca6a67, AppDomain: [Default])
Using "CheckPathAttributes" task from assembly "C:\Program Files (x86)\Microsoft Visual Studio\18\BuildTools\MSBuild\Microsoft\VisualStudio\v18.0\Web\Microsoft.Web.Publishing.Tasks.dll".
Task "CheckPathAttributes"
Done executing task "CheckPathAttributes".
Done building target "CleanWebsitesPackageCore" in project "HospitalManagementSystem.Web.csproj".
Target "CleanWebsitesPackage" in file "C:\Program Files (x86)\Microsoft Visual Studio\18\BuildTools\MSBuild\Microsoft\VisualStudio\v18.0\Web\Microsoft.Web.Publishing.targets" from project "c:\Users\malak\Desktop\myprojects\HospitalManagementSystem\HospitalManagementSystem.Web\HospitalManagementSystem.Web.csproj" (target "Clean" depends on it):
Done building target "CleanWebsitesPackage" in project "HospitalManagementSystem.Web.csproj".
Target "CleanWebsitesWPPAllFilesInSingleFolder" in file "C:\Program Files (x86)\Microsoft Visual Studio\18\BuildTools\MSBuild\Microsoft\VisualStudio\v18.0\Web\Microsoft.Web.Publishing.targets" from project "c:\Users\malak\Desktop\myprojects\HospitalManagementSystem\HospitalManagementSystem.Web\HospitalManagementSystem.Web.csproj" (target "Clean" depends on it):
Done building target "CleanWebsitesWPPAllFilesInSingleFolder" in project "HospitalManagementSystem.Web.csproj".
Target "CleanWebPublishPipelineIntermediateOutput" in file "C:\Program Files (x86)\Microsoft Visual Studio\18\BuildTools\MSBuild\Microsoft\VisualStudio\v18.0\Web\Microsoft.Web.Publishing.targets" from project "c:\Users\malak\Desktop\myprojects\HospitalManagementSystem\HospitalManagementSystem.Web\HospitalManagementSystem.Web.csproj" (target "Clean" depends on it):
Done building target "CleanWebPublishPipelineIntermediateOutput" in project "HospitalManagementSystem.Web.csproj".
Target "Clean" in file "C:\Program Files (x86)\Microsoft Visual Studio\18\BuildTools\MSBuild\Current\Bin\Microsoft.Common.CurrentVersion.targets" from project "c:\Users\malak\Desktop\myprojects\HospitalManagementSystem\HospitalManagementSystem.Web\HospitalManagementSystem.Web.csproj" (target "Rebuild" depends on it):
Done building target "Clean" in project "HospitalManagementSystem.Web.csproj".
Target "CleanXsdCodeGen" in file "C:\WINDOWS\Microsoft.NET\Framework\v4.0.30319\Microsoft.ServiceModel.targets" from project "c:\Users\malak\Desktop\myprojects\HospitalManagementSystem\HospitalManagementSystem.Web\HospitalManagementSystem.Web.csproj" (target "Rebuild" depends on it):
Task "Delete"
Done executing task "Delete".
Done building target "CleanXsdCodeGen" in project "HospitalManagementSystem.Web.csproj".
Target "BeforeBuild" in file "C:\Program Files (x86)\Microsoft Visual Studio\18\BuildTools\MSBuild\Current\Bin\Microsoft.Common.CurrentVersion.targets" from project "c:\Users\malak\Desktop\myprojects\HospitalManagementSystem\HospitalManagementSystem.Web\HospitalManagementSystem.Web.csproj" (target "Build" depends on it):
Done building target "BeforeBuild" in project "HospitalManagementSystem.Web.csproj".
Target "BuildOnlySettings" in file "C:\Program Files (x86)\Microsoft Visual Studio\18\BuildTools\MSBuild\Current\Bin\Microsoft.Common.CurrentVersion.targets" from project "c:\Users\malak\Desktop\myprojects\HospitalManagementSystem\HospitalManagementSystem.Web\HospitalManagementSystem.Web.csproj" (target "CoreBuild" depends on it):
C:\Program Files (x86)\Microsoft Visual Studio\18\BuildTools\MSBuild\Current\Bin\Microsoft.Common.CurrentVersion.targets(1168,7): message : Property reassignment: $(BuildingProject)="true" (previous value: "false") at C:\Program Files (x86)\Microsoft Visual Studio\18\BuildTools\MSBuild\Current\Bin\Microsoft.Common.CurrentVersion.targets (1168,7) [c:\Users\malak\Desktop\myprojects\HospitalManagementSystem\HospitalManagementSystem.Web\HospitalManagementSystem.Web.csproj]
Done building target "BuildOnlySettings" in project "HospitalManagementSystem.Web.csproj".
Target "GetFrameworkPaths" in file "C:\Program Files (x86)\Microsoft Visual Studio\18\BuildTools\MSBuild\Current\Bin\Microsoft.NETFramework.CurrentVersion.targets" from project "c:\Users\malak\Desktop\myprojects\HospitalManagementSystem\HospitalManagementSystem.Web\HospitalManagementSystem.Web.csproj" (target "PrepareForBuild" depends on it):
Done building target "GetFrameworkPaths" in project "HospitalManagementSystem.Web.csproj".
Target "GetFrameworkPaths" skipped. Previously built successfully.
Target "GetReferenceAssemblyPaths" in file "C:\Program Files (x86)\Microsoft Visual Studio\18\BuildTools\MSBuild\Current\Bin\Microsoft.Common.CurrentVersion.targets" from project "c:\Users\malak\Desktop\myprojects\HospitalManagementSystem\HospitalManagementSystem.Web\HospitalManagementSystem.Web.csproj" (target "PrepareForBuild" depends on it):
C:\Program Files (x86)\Microsoft Visual Studio\18\BuildTools\MSBuild\Current\Bin\Microsoft.Common.CurrentVersion.targets(1255,7): message : Property reassignment: $(TargetFrameworkDirectory)="" (previous value: "C:\WINDOWS\Microsoft.NET\Framework\v4.0.30319") at C:\Program Files (x86)\Microsoft Visual Studio\18\BuildTools\MSBuild\Current\Bin\Microsoft.Common.CurrentVersion.targets (1255,7) [c:\Users\malak\Desktop\myprojects\HospitalManagementSystem\HospitalManagementSystem.Web\HospitalManagementSystem.Web.csproj]
Using "GetReferenceAssemblyPaths" task from assembly "Microsoft.Build.Tasks.Core, Version=15.1.0.0, Culture=neutral, PublicKeyToken=b03f5f7f11d50a3a".
Task "GetReferenceAssemblyPaths"
Done executing task "GetReferenceAssemblyPaths".
C:\Program Files (x86)\Microsoft Visual Studio\18\BuildTools\MSBuild\Current\Bin\Microsoft.Common.CurrentVersion.targets(1272,7): message : Property reassignment: $(TargetFrameworkDirectory)="C:\Program Files %28x86%29\Reference Assemblies\Microsoft\Framework\.NETFramework\v4.8\;;" (previous value: "C:\WINDOWS\Microsoft.NET\Framework\v4.0.30319") at C:\Program Files (x86)\Microsoft Visual Studio\18\BuildTools\MSBuild\Current\Bin\Microsoft.Common.CurrentVersion.targets (1272,7) [c:\Users\malak\Desktop\myprojects\HospitalManagementSystem\HospitalManagementSystem.Web\HospitalManagementSystem.Web.csproj]
C:\Program Files (x86)\Microsoft Visual Studio\18\BuildTools\MSBuild\Current\Bin\Microsoft.Common.CurrentVersion.targets(1293,7): message : Property reassignment: $(TargetFrameworkDirectory)="C:\Program Files %28x86%29\Reference Assemblies\Microsoft\Framework\.NETFramework\v4.8\;;;C:\Program Files %28x86%29\Reference Assemblies\Microsoft\Framework\.NETFramework\v4.8\Facades\" (previous value: "C:\WINDOWS\Microsoft.NET\Framework\v4.0.30319") at C:\Program Files (x86)\Microsoft Visual Studio\18\BuildTools\MSBuild\Current\Bin\Microsoft.Common.CurrentVersion.targets (1293,7) [c:\Users\malak\Desktop\myprojects\HospitalManagementSystem\HospitalManagementSystem.Web\HospitalManagementSystem.Web.csproj]
Done building target "GetReferenceAssemblyPaths" in project "HospitalManagementSystem.Web.csproj".
Target "PrepareForBuild" in file "C:\Program Files (x86)\Microsoft Visual Studio\18\BuildTools\MSBuild\Current\Bin\Microsoft.Common.CurrentVersion.targets" from project "c:\Users\malak\Desktop\myprojects\HospitalManagementSystem\HospitalManagementSystem.Web\HospitalManagementSystem.Web.csproj" (target "CoreBuild" depends on it):
Task "MakeDir"
Done executing task "MakeDir".
Done building target "PrepareForBuild" in project "HospitalManagementSystem.Web.csproj".
Target "BeforeResolveReferences" in file "C:\Program Files (x86)\Microsoft Visual Studio\18\BuildTools\MSBuild\Current\Bin\Microsoft.Common.CurrentVersion.targets" from project "c:\Users\malak\Desktop\myprojects\HospitalManagementSystem\HospitalManagementSystem.Web\HospitalManagementSystem.Web.csproj" (target "ResolveReferences" depends on it):
Done building target "BeforeResolveReferences" in project "HospitalManagementSystem.Web.csproj".
Target "PrepareProjectReferences" skipped. Previously built successfully.
Target "ResolveProjectReferences" in file "C:\Program Files (x86)\Microsoft Visual Studio\18\BuildTools\MSBuild\Current\Bin\Microsoft.Common.CurrentVersion.targets" from project "c:\Users\malak\Desktop\myprojects\HospitalManagementSystem\HospitalManagementSystem.Web\HospitalManagementSystem.Web.csproj" (target "ResolveReferences" depends on it):
Done building target "ResolveProjectReferences" in project "HospitalManagementSystem.Web.csproj".
Target "ResolveProjectReferences" skipped. Previously built successfully.
Target "GetFrameworkPaths" skipped. Previously built successfully.
Target "GetReferenceAssemblyPaths" skipped. Previously built successfully.
Target "PrepareForBuild" skipped. Previously built successfully.
Target "ResolveSDKReferences" in file "C:\Program Files (x86)\Microsoft Visual Studio\18\BuildTools\MSBuild\Current\Bin\Microsoft.Common.CurrentVersion.targets" from project "c:\Users\malak\Desktop\myprojects\HospitalManagementSystem\HospitalManagementSystem.Web\HospitalManagementSystem.Web.csproj" (target "ResolveAssemblyReferences" depends on it):
Done building target "ResolveSDKReferences" in project "HospitalManagementSystem.Web.csproj".
Target "ResolveSDKReferences" skipped. Previously built successfully.
Target "ExpandSDKReferences" in file "C:\Program Files (x86)\Microsoft Visual Studio\18\BuildTools\MSBuild\Current\Bin\Microsoft.Common.CurrentVersion.targets" from project "c:\Users\malak\Desktop\myprojects\HospitalManagementSystem\HospitalManagementSystem.Web\HospitalManagementSystem.Web.csproj" (target "ResolveAssemblyReferences" depends on it):
Done building target "ExpandSDKReferences" in project "HospitalManagementSystem.Web.csproj".
Target "ImplicitlyExpandNETStandardFacades" in file "C:\Program Files (x86)\Microsoft Visual Studio\18\BuildTools\MSBuild\Microsoft\Microsoft.NET.Build.Extensions\Microsoft.NET.Build.Extensions.NETFramework.targets" from project "c:\Users\malak\Desktop\myprojects\HospitalManagementSystem\HospitalManagementSystem.Web\HospitalManagementSystem.Web.csproj" (target "ResolveAssemblyReferences" depends on it):
Done building target "ImplicitlyExpandNETStandardFacades" in project "HospitalManagementSystem.Web.csproj".
Target "GetFrameworkPaths" skipped. Previously built successfully.
Target "GetReferenceAssemblyPaths" skipped. Previously built successfully.
Target "_HandlePackageFileConflicts" in file "C:\Program Files (x86)\Microsoft Visual Studio\18\BuildTools\MSBuild\Microsoft\Microsoft.NET.Build.Extensions\Microsoft.NET.Build.Extensions.ConflictResolution.targets" from project "c:\Users\malak\Desktop\myprojects\HospitalManagementSystem\HospitalManagementSystem.Web\HospitalManagementSystem.Web.csproj" (target "ResolveAssemblyReferences" depends on it):
Using "ResolvePackageFileConflicts" task from assembly "C:\Program Files (x86)\Microsoft Visual Studio\18\BuildTools\MSBuild\Microsoft\Microsoft.NET.Build.Extensions\\tools\net472\Microsoft.NET.Build.Extensions.Tasks.dll".
Task "ResolvePackageFileConflicts"
Done executing task "ResolvePackageFileConflicts".
Done building target "_HandlePackageFileConflicts" in project "HospitalManagementSystem.Web.csproj".
Target "ResolveAssemblyReferences" in file "C:\Program Files (x86)\Microsoft Visual Studio\18\BuildTools\MSBuild\Current\Bin\Microsoft.Common.CurrentVersion.targets" from project "c:\Users\malak\Desktop\myprojects\HospitalManagementSystem\HospitalManagementSystem.Web\HospitalManagementSystem.Web.csproj" (target "ResolveReferences" depends on it):
Using "ResolveAssemblyReference" task from assembly "Microsoft.Build.Tasks.Core, Version=15.1.0.0, Culture=neutral, PublicKeyToken=b03f5f7f11d50a3a".
Task "ResolveAssemblyReference"
  TargetFrameworkMoniker:
      .NETFramework,Version=v4.8
  TargetFrameworkMonikerDisplayName:
      .NET Framework 4.8
  TargetedRuntimeVersion:
      v4.0.30319
  Assemblies:
      System
      System.Configuration
      System.Data
      System.Drawing
      System.Web
      System.Web.Extensions
      System.Xml
      System.Core
  AssemblyFiles:
      C:\Program Files (x86)\Reference Assemblies\Microsoft\Framework\.NETFramework\v4.8\mscorlib.dll
  CandidateAssemblyFiles:
  TargetFrameworkDirectories:
      C:\Program Files (x86)\Reference Assemblies\Microsoft\Framework\.NETFramework\v4.8\,C:\Program Files (x86)\Reference Assemblies\Microsoft\Framework\.NETFramework\v4.8\Facades\
  NonCultureResourceDirectories:
      
  InstalledAssemblyTables:
  IgnoreInstalledAssemblyTable:
      False
  SearchPaths:
      {CandidateAssemblyFiles}
      {HintPathFromItem}
      {TargetFrameworkDirectory}
      {Registry:Software\Microsoft\.NETFramework,v4.8,AssemblyFoldersEx}
      {AssemblyFolders}
      {GAC}
      {RawFileName}
      bin\
  AllowedAssemblyExtensions:
      .winmd
      .dll
      .exe
  AllowedRelatedFileExtensions:
      .pdb
      .xml
      .pri
      .dll.config
      .exe.config
  AppConfigFile:
      Web.config
  AutoUnify:
      False
  EnableCustomCulture:
      False
  EnableCustomCulture:
      False
  CopyLocalDependenciesWhenParentReferenceInGac:
      True
  FindDependencies:
      True
  TargetProcessorArchitecture:
      msil
  StateFile:
      obj\Release\HospitalManagementSystem.Web.csproj.AssemblyReference.cache
  InstalledAssemblySubsetTables:
  IgnoreInstalledAssemblySubsetTable:
      False
  TargetFrameworkSubsets:
  FullTargetFrameworkSubsetNames:
      Full
  ProfileName:
      
  FullFrameworkFolders:
      C:\Program Files (x86)\Reference Assemblies\Microsoft\Framework\.NETFramework\v4.8\
  LatestTargetFrameworkDirectories:
  ProfileTablesLocation:
  Primary reference "mscorlib, Version=4.0.0.0, Culture=neutral, PublicKeyToken=b77a5c561934e089".
      Resolved file path is "C:\Program Files (x86)\Reference Assemblies\Microsoft\Framework\.NETFramework\v4.8\mscorlib.dll".
      Reference found at search path location "C:\Program Files (x86)\Reference Assemblies\Microsoft\Framework\.NETFramework\v4.8\mscorlib.dll".
      This reference is not "CopyLocal" because it's in a Frameworks directory.
  Primary reference "System, Version=4.0.0.0, Culture=neutral, PublicKeyToken=b77a5c561934e089".
      Resolved file path is "C:\Program Files (x86)\Reference Assemblies\Microsoft\Framework\.NETFramework\v4.8\System.dll".
      Reference found at search path location "{TargetFrameworkDirectory}".
          For SearchPath "{TargetFrameworkDirectory}".
          Considered "C:\Program Files (x86)\Reference Assemblies\Microsoft\Framework\.NETFramework\v4.8\System.winmd", but it didn't exist.
      This reference is not "CopyLocal" because it's a prerequisite file.
  Primary reference "System.Configuration, Version=4.0.0.0, Culture=neutral, PublicKeyToken=b03f5f7f11d50a3a".
      Resolved file path is "C:\Program Files (x86)\Reference Assemblies\Microsoft\Framework\.NETFramework\v4.8\System.Configuration.dll".
      Reference found at search path location "{TargetFrameworkDirectory}".
          For SearchPath "{TargetFrameworkDirectory}".
          Considered "C:\Program Files (x86)\Reference Assemblies\Microsoft\Framework\.NETFramework\v4.8\System.Configuration.winmd", but it didn't exist.
      This reference is not "CopyLocal" because it's a prerequisite file.
  Primary reference "System.Data, Version=4.0.0.0, Culture=neutral, PublicKeyToken=b77a5c561934e089".
      Resolved file path is "C:\Program Files (x86)\Reference Assemblies\Microsoft\Framework\.NETFramework\v4.8\System.Data.dll".
      Reference found at search path location "{TargetFrameworkDirectory}".
          For SearchPath "{TargetFrameworkDirectory}".
          Considered "C:\Program Files (x86)\Reference Assemblies\Microsoft\Framework\.NETFramework\v4.8\System.Data.winmd", but it didn't exist.
      This reference is not "CopyLocal" because it's a prerequisite file.
  Primary reference "System.Drawing, Version=4.0.0.0, Culture=neutral, PublicKeyToken=b03f5f7f11d50a3a".
      Resolved file path is "C:\Program Files (x86)\Reference Assemblies\Microsoft\Framework\.NETFramework\v4.8\System.Drawing.dll".
      Reference found at search path location "{TargetFrameworkDirectory}".
          For SearchPath "{TargetFrameworkDirectory}".
          Considered "C:\Program Files (x86)\Reference Assemblies\Microsoft\Framework\.NETFramework\v4.8\System.Drawing.winmd", but it didn't exist.
      This reference is not "CopyLocal" because it's a prerequisite file.
  Primary reference "System.Web, Version=4.0.0.0, Culture=neutral, PublicKeyToken=b03f5f7f11d50a3a".
      Resolved file path is "C:\Program Files (x86)\Reference Assemblies\Microsoft\Framework\.NETFramework\v4.8\System.Web.dll".
      Reference found at search path location "{TargetFrameworkDirectory}".
          For SearchPath "{TargetFrameworkDirectory}".
          Considered "C:\Program Files (x86)\Reference Assemblies\Microsoft\Framework\.NETFramework\v4.8\System.Web.winmd", but it didn't exist.
      This reference is not "CopyLocal" because it's a prerequisite file.
  Primary reference "System.Web.Extensions, Version=4.0.0.0, Culture=neutral, PublicKeyToken=31bf3856ad364e35".
      Resolved file path is "C:\Program Files (x86)\Reference Assemblies\Microsoft\Framework\.NETFramework\v4.8\System.Web.Extensions.dll".
      Reference found at search path location "{TargetFrameworkDirectory}".
          For SearchPath "{TargetFrameworkDirectory}".
          Considered "C:\Program Files (x86)\Reference Assemblies\Microsoft\Framework\.NETFramework\v4.8\System.Web.Extensions.winmd", but it didn't exist.
      This reference is not "CopyLocal" because it's a prerequisite file.
  Primary reference "System.Xml, Version=4.0.0.0, Culture=neutral, PublicKeyToken=b77a5c561934e089".
      Resolved file path is "C:\Program Files (x86)\Reference Assemblies\Microsoft\Framework\.NETFramework\v4.8\System.Xml.dll".
      Reference found at search path location "{TargetFrameworkDirectory}".
          For SearchPath "{TargetFrameworkDirectory}".
          Considered "C:\Program Files (x86)\Reference Assemblies\Microsoft\Framework\.NETFramework\v4.8\System.Xml.winmd", but it didn't exist.
      This reference is not "CopyLocal" because it's a prerequisite file.
  Primary reference "System.Core, Version=4.0.0.0, Culture=neutral, PublicKeyToken=b77a5c561934e089".
      Resolved file path is "C:\Program Files (x86)\Reference Assemblies\Microsoft\Framework\.NETFramework\v4.8\System.Core.dll".
      Reference found at search path location "{TargetFrameworkDirectory}".
          For SearchPath "{TargetFrameworkDirectory}".
          Considered "C:\Program Files (x86)\Reference Assemblies\Microsoft\Framework\.NETFramework\v4.8\System.Core.winmd", but it didn't exist.
      This reference is not "CopyLocal" because it's a prerequisite file.
Done executing task "ResolveAssemblyReference".
Done building target "ResolveAssemblyReferences" in project "HospitalManagementSystem.Web.csproj".
Target "ResolveAssemblyReferences" skipped. Previously built successfully.
Target "_RemoveZipFileSuggestedRedirect" in file "C:\Program Files (x86)\Microsoft Visual Studio\18\BuildTools\MSBuild\Microsoft\Microsoft.NET.Build.Extensions\Microsoft.NET.Build.Extensions.NETFramework.targets" from project "c:\Users\malak\Desktop\myprojects\HospitalManagementSystem\HospitalManagementSystem.Web\HospitalManagementSystem.Web.csproj" (target "GenerateBindingRedirects" depends on it):
Done building target "_RemoveZipFileSuggestedRedirect" in project "HospitalManagementSystem.Web.csproj".
Target "AfterResolveReferences" in file "C:\Program Files (x86)\Microsoft Visual Studio\18\BuildTools\MSBuild\Current\Bin\Microsoft.Common.CurrentVersion.targets" from project "c:\Users\malak\Desktop\myprojects\HospitalManagementSystem\HospitalManagementSystem.Web\HospitalManagementSystem.Web.csproj" (target "ResolveReferences" depends on it):
Done building target "AfterResolveReferences" in project "HospitalManagementSystem.Web.csproj".
Target "GetReferenceAssemblyPaths" skipped. Previously built successfully.
Target "ImplicitlyExpandDesignTimeFacades" in file "C:\Program Files (x86)\Microsoft Visual Studio\18\BuildTools\MSBuild\Current\Bin\Microsoft.NETFramework.CurrentVersion.targets" from project "c:\Users\malak\Desktop\myprojects\HospitalManagementSystem\HospitalManagementSystem.Web\HospitalManagementSystem.Web.csproj" (target "ResolveReferences" depends on it):
Done building target "ImplicitlyExpandDesignTimeFacades" in project "HospitalManagementSystem.Web.csproj".
Target "ResolveReferences" in file "C:\Program Files (x86)\Microsoft Visual Studio\18\BuildTools\MSBuild\Current\Bin\Microsoft.Common.CurrentVersion.targets" from project "c:\Users\malak\Desktop\myprojects\HospitalManagementSystem\HospitalManagementSystem.Web\HospitalManagementSystem.Web.csproj" (target "CoreBuild" depends on it):
Done building target "ResolveReferences" in project "HospitalManagementSystem.Web.csproj".
Target "ValidationExtension" in file "C:\WINDOWS\Microsoft.NET\Framework\v4.0.30319\Microsoft.WorkflowBuildExtensions.targets" from project "c:\Users\malak\Desktop\myprojects\HospitalManagementSystem\HospitalManagementSystem.Web\HospitalManagementSystem.Web.csproj" (target "PrepareResources" depends on it):
Done building target "ValidationExtension" in project "HospitalManagementSystem.Web.csproj".
Target "ExpressionBuildExtension" in file "C:\WINDOWS\Microsoft.NET\Framework\v4.0.30319\Microsoft.WorkflowBuildExtensions.targets" from project "c:\Users\malak\Desktop\myprojects\HospitalManagementSystem\HospitalManagementSystem.Web\HospitalManagementSystem.Web.csproj" (target "PrepareResources" depends on it):
Done building target "ExpressionBuildExtension" in project "HospitalManagementSystem.Web.csproj".
Target "AfterMarkupCompilePass1" in file "C:\WINDOWS\Microsoft.NET\Framework\v4.0.30319\Microsoft.WinFx.targets" from project "c:\Users\malak\Desktop\myprojects\HospitalManagementSystem\HospitalManagementSystem.Web\HospitalManagementSystem.Web.csproj" (target "PrepareResources" depends on it):
Done building target "AfterMarkupCompilePass1" in project "HospitalManagementSystem.Web.csproj".
Target "FileClassification" in file "C:\WINDOWS\Microsoft.NET\Framework\v4.0.30319\Microsoft.WinFx.targets" from project "c:\Users\malak\Desktop\myprojects\HospitalManagementSystem\HospitalManagementSystem.Web\HospitalManagementSystem.Web.csproj" (target "PrepareResources" depends on it):
Done building target "FileClassification" in project "HospitalManagementSystem.Web.csproj".
Target "CopyAdditionalFiles" in file "C:\Program Files (x86)\Microsoft Visual Studio\18\BuildTools\MSBuild\Current\Bin\Roslyn\Microsoft.Managed.Core.targets" from project "c:\Users\malak\Desktop\myprojects\HospitalManagementSystem\HospitalManagementSystem.Web\HospitalManagementSystem.Web.csproj" (target "AssignTargetPaths" depends on it):
Done building target "CopyAdditionalFiles" in project "HospitalManagementSystem.Web.csproj".
Target "AssignTargetPaths" in file "C:\Program Files (x86)\Microsoft Visual Studio\18\BuildTools\MSBuild\Current\Bin\Microsoft.Common.CurrentVersion.targets" from project "c:\Users\malak\Desktop\myprojects\HospitalManagementSystem\HospitalManagementSystem.Web\HospitalManagementSystem.Web.csproj" (target "PrepareResourceNames" depends on it):
Using "AssignTargetPath" task from assembly "Microsoft.Build.Tasks.Core, Version=15.1.0.0, Culture=neutral, PublicKeyToken=b03f5f7f11d50a3a".
Task "AssignTargetPath"
Done executing task "AssignTargetPath".
Task "AssignTargetPath"
Done executing task "AssignTargetPath".
Task "AssignTargetPath"
Done executing task "AssignTargetPath".
Task "AssignTargetPath"
Done executing task "AssignTargetPath".
Done building target "AssignTargetPaths" in project "HospitalManagementSystem.Web.csproj".
Target "AssignTargetPaths" skipped. Previously built successfully.
Target "SplitResourcesByCulture" in file "C:\Program Files (x86)\Microsoft Visual Studio\18\BuildTools\MSBuild\Current\Bin\Microsoft.Common.CurrentVersion.targets" from project "c:\Users\malak\Desktop\myprojects\HospitalManagementSystem\HospitalManagementSystem.Web\HospitalManagementSystem.Web.csproj" (target "PrepareResourceNames" depends on it):
Using "AssignCulture" task from assembly "Microsoft.Build.Tasks.Core, Version=15.1.0.0, Culture=neutral, PublicKeyToken=b03f5f7f11d50a3a".
Task "AssignCulture"
Done executing task "AssignCulture".
Done building target "SplitResourcesByCulture" in project "HospitalManagementSystem.Web.csproj".
Target "CreateCustomManifestResourceNames" in file "C:\Program Files (x86)\Microsoft Visual Studio\18\BuildTools\MSBuild\Current\Bin\Microsoft.Common.CurrentVersion.targets" from project "c:\Users\malak\Desktop\myprojects\HospitalManagementSystem\HospitalManagementSystem.Web\HospitalManagementSystem.Web.csproj" (target "PrepareResourceNames" depends on it):
Done building target "CreateCustomManifestResourceNames" in project "HospitalManagementSystem.Web.csproj".
Target "PrepareResourceNames" in file "C:\Program Files (x86)\Microsoft Visual Studio\18\BuildTools\MSBuild\Current\Bin\Microsoft.Common.CurrentVersion.targets" from project "c:\Users\malak\Desktop\myprojects\HospitalManagementSystem\HospitalManagementSystem.Web\HospitalManagementSystem.Web.csproj" (target "PrepareResources" depends on it):
Done building target "PrepareResourceNames" in project "HospitalManagementSystem.Web.csproj".
Target "ResolveAssemblyReferences" skipped. Previously built successfully.
Target "SplitResourcesByCulture" skipped. Previously built successfully.
Target "BeforeResGen" in file "C:\Program Files (x86)\Microsoft Visual Studio\18\BuildTools\MSBuild\Current\Bin\Microsoft.Common.CurrentVersion.targets" from project "c:\Users\malak\Desktop\myprojects\HospitalManagementSystem\HospitalManagementSystem.Web\HospitalManagementSystem.Web.csproj" (target "ResGen" depends on it):
Done building target "BeforeResGen" in project "HospitalManagementSystem.Web.csproj".
Target "ResolveReferences" skipped. Previously built successfully.
Target "FindReferenceAssembliesForReferences" in file "C:\Program Files (x86)\Microsoft Visual Studio\18\BuildTools\MSBuild\Current\Bin\Microsoft.Common.CurrentVersion.targets" from project "c:\Users\malak\Desktop\myprojects\HospitalManagementSystem\HospitalManagementSystem.Web\HospitalManagementSystem.Web.csproj" (target "CoreResGen" depends on it):
Done building target "FindReferenceAssembliesForReferences" in project "HospitalManagementSystem.Web.csproj".
Target "CoreResGen" in file "C:\Program Files (x86)\Microsoft Visual Studio\18\BuildTools\MSBuild\Current\Bin\Microsoft.Common.CurrentVersion.targets" from project "c:\Users\malak\Desktop\myprojects\HospitalManagementSystem\HospitalManagementSystem.Web\HospitalManagementSystem.Web.csproj" (target "ResGen" depends on it):
Done building target "CoreResGen" in project "HospitalManagementSystem.Web.csproj".
Target "AfterResGen" in file "C:\Program Files (x86)\Microsoft Visual Studio\18\BuildTools\MSBuild\Current\Bin\Microsoft.Common.CurrentVersion.targets" from project "c:\Users\malak\Desktop\myprojects\HospitalManagementSystem\HospitalManagementSystem.Web\HospitalManagementSystem.Web.csproj" (target "ResGen" depends on it):
Done building target "AfterResGen" in project "HospitalManagementSystem.Web.csproj".
Target "ResGen" in file "C:\Program Files (x86)\Microsoft Visual Studio\18\BuildTools\MSBuild\Current\Bin\Microsoft.Common.CurrentVersion.targets" from project "c:\Users\malak\Desktop\myprojects\HospitalManagementSystem\HospitalManagementSystem.Web\HospitalManagementSystem.Web.csproj" (target "PrepareResources" depends on it):
Done building target "ResGen" in project "HospitalManagementSystem.Web.csproj".
Target "PrepareResources" in file "C:\Program Files (x86)\Microsoft Visual Studio\18\BuildTools\MSBuild\Current\Bin\Microsoft.Common.CurrentVersion.targets" from project "c:\Users\malak\Desktop\myprojects\HospitalManagementSystem\HospitalManagementSystem.Web\HospitalManagementSystem.Web.csproj" (target "CoreBuild" depends on it):
Done building target "PrepareResources" in project "HospitalManagementSystem.Web.csproj".
Target "ResolveReferences" skipped. Previously built successfully.
Target "_SetEmbeddedWin32ManifestProperties" in file "C:\Program Files (x86)\Microsoft Visual Studio\18\BuildTools\MSBuild\Current\Bin\Microsoft.Common.CurrentVersion.targets" from project "c:\Users\malak\Desktop\myprojects\HospitalManagementSystem\HospitalManagementSystem.Web\HospitalManagementSystem.Web.csproj" (target "SetWin32ManifestProperties" depends on it):
Using "GetFrameworkPath" task from assembly "Microsoft.Build.Tasks.Core, Version=15.1.0.0, Culture=neutral, PublicKeyToken=b03f5f7f11d50a3a".
Task "GetFrameworkPath"
Done executing task "GetFrameworkPath".
C:\Program Files (x86)\Microsoft Visual Studio\18\BuildTools\MSBuild\Current\Bin\Microsoft.Common.CurrentVersion.targets(4222,7): message : Property reassignment: $(EmbeddedWin32Manifest)="C:\Windows\Microsoft.NET\Framework\v4.0.30319\default.win32manifest" (previous value: "") at C:\Program Files (x86)\Microsoft Visual Studio\18\BuildTools\MSBuild\Current\Bin\Microsoft.Common.CurrentVersion.targets (4222,7) [c:\Users\malak\Desktop\myprojects\HospitalManagementSystem\HospitalManagementSystem.Web\HospitalManagementSystem.Web.csproj]
Done building target "_SetEmbeddedWin32ManifestProperties" in project "HospitalManagementSystem.Web.csproj".
Target "SetWin32ManifestProperties" in file "C:\Program Files (x86)\Microsoft Visual Studio\18\BuildTools\MSBuild\Current\Bin\Microsoft.Common.CurrentVersion.targets" from project "c:\Users\malak\Desktop\myprojects\HospitalManagementSystem\HospitalManagementSystem.Web\HospitalManagementSystem.Web.csproj" (target "Compile" depends on it):
Done building target "SetWin32ManifestProperties" in project "HospitalManagementSystem.Web.csproj".
Target "FindReferenceAssembliesForReferences" skipped. Previously built successfully.
Target "_GenerateCompileInputs" in file "C:\Program Files (x86)\Microsoft Visual Studio\18\BuildTools\MSBuild\Current\Bin\Microsoft.Common.CurrentVersion.targets" from project "c:\Users\malak\Desktop\myprojects\HospitalManagementSystem\HospitalManagementSystem.Web\HospitalManagementSystem.Web.csproj" (target "Compile" depends on it):
Done building target "_GenerateCompileInputs" in project "HospitalManagementSystem.Web.csproj".
Target "PrepareForBuild" skipped. Previously built successfully.
Target "GenerateMSBuildEditorConfigFileShouldRun" in file "C:\Program Files (x86)\Microsoft Visual Studio\18\BuildTools\MSBuild\Current\Bin\Roslyn\Microsoft.Managed.Core.targets" from project "c:\Users\malak\Desktop\myprojects\HospitalManagementSystem\HospitalManagementSystem.Web\HospitalManagementSystem.Web.csproj" (target "GenerateMSBuildEditorConfigFile" depends on it):
Done building target "GenerateMSBuildEditorConfigFileShouldRun" in project "HospitalManagementSystem.Web.csproj".
Target "GenerateMSBuildEditorConfigFile" in file "C:\Program Files (x86)\Microsoft Visual Studio\18\BuildTools\MSBuild\Current\Bin\Roslyn\Microsoft.Managed.Core.targets" from project "c:\Users\malak\Desktop\myprojects\HospitalManagementSystem\HospitalManagementSystem.Web\HospitalManagementSystem.Web.csproj" (target "BeforeCompile" depends on it):
Done building target "GenerateMSBuildEditorConfigFile" in project "HospitalManagementSystem.Web.csproj".
Target "PrepareForBuild" skipped. Previously built successfully.
Target "GetReferenceAssemblyPaths" skipped. Previously built successfully.
Target "_SetTargetFrameworkMonikerAttribute" in file "C:\Program Files (x86)\Microsoft Visual Studio\18\BuildTools\MSBuild\Current\Bin\Microsoft.CSharp.CurrentVersion.targets" from project "c:\Users\malak\Desktop\myprojects\HospitalManagementSystem\HospitalManagementSystem.Web\HospitalManagementSystem.Web.csproj" (target "GenerateTargetFrameworkMonikerAttribute" depends on it):
Done building target "_SetTargetFrameworkMonikerAttribute" in project "HospitalManagementSystem.Web.csproj".
Target "GenerateTargetFrameworkMonikerAttribute" in file "C:\Program Files (x86)\Microsoft Visual Studio\18\BuildTools\MSBuild\Current\Bin\Microsoft.Common.CurrentVersion.targets" from project "c:\Users\malak\Desktop\myprojects\HospitalManagementSystem\HospitalManagementSystem.Web\HospitalManagementSystem.Web.csproj" (target "BeforeCompile" depends on it):
Skipping target "GenerateTargetFrameworkMonikerAttribute" because all output files are up-to-date with respect to the input files.
Input files: C:\Program Files (x86)\Microsoft Visual Studio\18\BuildTools\MSBuild\Current\Bin\Microsoft.Common.targets
Output files: obj\Release\.NETFramework,Version=v4.8.AssemblyAttributes.cs
Done building target "GenerateTargetFrameworkMonikerAttribute" in project "HospitalManagementSystem.Web.csproj".
Target "BeforeCompile" in file "C:\Program Files (x86)\Microsoft Visual Studio\18\BuildTools\MSBuild\Current\Bin\Microsoft.Common.CurrentVersion.targets" from project "c:\Users\malak\Desktop\myprojects\HospitalManagementSystem\HospitalManagementSystem.Web\HospitalManagementSystem.Web.csproj" (target "Compile" depends on it):
Done building target "BeforeCompile" in project "HospitalManagementSystem.Web.csproj".
Target "ResolveAssemblyReferences" skipped. Previously built successfully.
Target "_GenerateCompileInputs" skipped. Previously built successfully.
Target "_GenerateCompileDependencyCache" in file "C:\Program Files (x86)\Microsoft Visual Studio\18\BuildTools\MSBuild\Current\Bin\Microsoft.Common.CurrentVersion.targets" from project "c:\Users\malak\Desktop\myprojects\HospitalManagementSystem\HospitalManagementSystem.Web\HospitalManagementSystem.Web.csproj" (target "Compile" depends on it):
Using "Hash" task from assembly "Microsoft.Build.Tasks.Core, Version=15.1.0.0, Culture=neutral, PublicKeyToken=b03f5f7f11d50a3a".
Task "Hash"
Done executing task "Hash".
Task "WriteLinesToFile"
Done executing task "WriteLinesToFile".
Done building target "_GenerateCompileDependencyCache" in project "HospitalManagementSystem.Web.csproj".
Target "_BeforeVBCSCoreCompile" in file "C:\Program Files (x86)\Microsoft Visual Studio\18\BuildTools\MSBuild\Current\Bin\Roslyn\Microsoft.Managed.Core.targets" from project "c:\Users\malak\Desktop\myprojects\HospitalManagementSystem\HospitalManagementSystem.Web\HospitalManagementSystem.Web.csproj" (target "CoreCompile" depends on it):
Done building target "_BeforeVBCSCoreCompile" in project "HospitalManagementSystem.Web.csproj".
Target "_ComputeSkipAnalyzers" in file "C:\Program Files (x86)\Microsoft Visual Studio\18\BuildTools\MSBuild\Current\Bin\Roslyn\Microsoft.Managed.Core.targets" from project "c:\Users\malak\Desktop\myprojects\HospitalManagementSystem\HospitalManagementSystem.Web\HospitalManagementSystem.Web.csproj" (target "CoreCompile" depends on it):
Done building target "_ComputeSkipAnalyzers" in project "HospitalManagementSystem.Web.csproj".
Target "PreXsdCodeGen" in file "C:\WINDOWS\Microsoft.NET\Framework\v4.0.30319\Microsoft.ServiceModel.targets" from project "c:\Users\malak\Desktop\myprojects\HospitalManagementSystem\HospitalManagementSystem.Web\HospitalManagementSystem.Web.csproj" (target "CoreCompile" depends on it):
Using "CallTarget" task from assembly "Microsoft.Build.Tasks.Core, Version=15.1.0.0, Culture=neutral, PublicKeyToken=b03f5f7f11d50a3a".
Task "CallTarget"
Target "CleanXsdCodeGen" skipped. Previously built successfully.
Done executing task "CallTarget".
Done building target "PreXsdCodeGen" in project "HospitalManagementSystem.Web.csproj".
Target "CoreCompile" in file "C:\Program Files (x86)\Microsoft Visual Studio\18\BuildTools\MSBuild\Current\Bin\Roslyn\Microsoft.CSharp.Core.targets" from project "c:\Users\malak\Desktop\myprojects\HospitalManagementSystem\HospitalManagementSystem.Web\HospitalManagementSystem.Web.csproj" (target "Compile" depends on it):
Building target "CoreCompile" completely.
Output file "obj\Release\HospitalManagementSystem.Web.dll" does not exist.
Using "Csc" task from assembly "C:\Program Files (x86)\Microsoft Visual Studio\18\BuildTools\MSBuild\Current\Bin\Roslyn\Microsoft.Build.Tasks.CodeAnalysis.dll".
Task "Csc"
  Setting DOTNET_TieredCompilation to '0'
  Environment Variables passed to tool:
    DOTNET_TieredCompilation=0
  C:\Program Files (x86)\Microsoft Visual Studio\18\BuildTools\MSBuild\Current\Bin\Roslyn\csc.exe /noconfig /nowarn:1701,1702 /fullpaths /nostdlib+ /errorreport:prompt /warn:4 /define:TRACE /highentropyva+ /reference:"C:\Program Files (x86)\Reference Assemblies\Microsoft\Framework\.NETFramework\v4.8\mscorlib.dll" /reference:"C:\Program Files (x86)\Reference Assemblies\Microsoft\Framework\.NETFramework\v4.8\System.Configuration.dll" /reference:"C:\Program Files (x86)\Reference Assemblies\Microsoft\Framework\.NETFramework\v4.8\System.Core.dll" /reference:"C:\Program Files (x86)\Reference Assemblies\Microsoft\Framework\.NETFramework\v4.8\System.Data.dll" /reference:"C:\Program Files (x86)\Reference Assemblies\Microsoft\Framework\.NETFramework\v4.8\System.dll" /reference:"C:\Program Files (x86)\Reference Assemblies\Microsoft\Framework\.NETFramework\v4.8\System.Drawing.dll" /reference:"C:\Program Files (x86)\Reference Assemblies\Microsoft\Framework\.NETFramework\v4.8\System.Web.dll" /reference:"C:\Program Files (x86)\Reference Assemblies\Microsoft\Framework\.NETFramework\v4.8\System.Web.Extensions.dll" /reference:"C:\Program Files (x86)\Reference Assemblies\Microsoft\Framework\.NETFramework\v4.8\System.Xml.dll" /debug:pdbonly /filealign:512 /optimize+ /out:obj\Release\HospitalManagementSystem.Web.dll /subsystemversion:6.00 /target:library /utf8output /langversion:7.3 Global.asax.cs Default.aspx.cs Login.aspx.cs Register.aspx.cs Reports.aspx.cs Site.Master.cs Data\DatabaseHelper.cs Data\DbQueries.cs Models\Patient.cs Models\Doctor.cs Models\Department.cs Models\Appointment.cs Models\MedicalRecord.cs Models\Prescription.cs Models\Bill.cs Models\UserAccount.cs Services\PatientService.cs Services\DoctorService.cs Services\DepartmentService.cs Services\AppointmentService.cs Services\MedicalRecordService.cs Services\PrescriptionService.cs Services\BillService.cs Services\UserService.cs Helpers\ValidationHelper.cs Helpers\ExportHelper.cs Helpers\EmailHelper.cs Security\AuthenticationHelper.cs Security\AuthorizationHelper.cs Security\PasswordHasher.cs Pages\Patients\List.aspx.cs Pages\Patients\Add.aspx.cs Pages\Patients\Edit.aspx.cs Pages\Doctors\List.aspx.cs Pages\Doctors\Add.aspx.cs Pages\Doctors\Edit.aspx.cs Pages\Departments\List.aspx.cs Pages\Departments\Add.aspx.cs Pages\Departments\Edit.aspx.cs Pages\Appointments\List.aspx.cs Pages\Appointments\Add.aspx.cs Pages\Appointments\Edit.aspx.cs Pages\MedicalRecords\List.aspx.cs Pages\MedicalRecords\Add.aspx.cs Pages\MedicalRecords\Edit.aspx.cs Pages\Prescriptions\List.aspx.cs Pages\Prescriptions\Add.aspx.cs Pages\Prescriptions\Edit.aspx.cs Pages\Bills\List.aspx.cs Pages\Bills\Add.aspx.cs Pages\Bills\Edit.aspx.cs "obj\Release\.NETFramework,Version=v4.8.AssemblyAttributes.cs"
  Compilation request HospitalManagementSystem.Web, PathToTool=C:\Program Files (x86)\Microsoft Visual Studio\18\BuildTools\MSBuild\Current\Bin\Roslyn\csc.exe
  CommandLine = ' /noconfig'
  BuildResponseFile = '/nowarn:1701,1702 /fullpaths /nostdlib+ /errorreport:prompt /warn:4 /define:TRACE /highentropyva+ /reference:"C:\Program Files (x86)\Reference Assemblies\Microsoft\Framework\.NETFramework\v4.8\mscorlib.dll" /reference:"C:\Program Files (x86)\Reference Assemblies\Microsoft\Framework\.NETFramework\v4.8\System.Configuration.dll" /reference:"C:\Program Files (x86)\Reference Assemblies\Microsoft\Framework\.NETFramework\v4.8\System.Core.dll" /reference:"C:\Program Files (x86)\Reference Assemblies\Microsoft\Framework\.NETFramework\v4.8\System.Data.dll" /reference:"C:\Program Files (x86)\Reference Assemblies\Microsoft\Framework\.NETFramework\v4.8\System.dll" /reference:"C:\Program Files (x86)\Reference Assemblies\Microsoft\Framework\.NETFramework\v4.8\System.Drawing.dll" /reference:"C:\Program Files (x86)\Reference Assemblies\Microsoft\Framework\.NETFramework\v4.8\System.Web.dll" /reference:"C:\Program Files (x86)\Reference Assemblies\Microsoft\Framework\.NETFramework\v4.8\System.Web.Extensions.dll" /reference:"C:\Program Files (x86)\Reference Assemblies\Microsoft\Framework\.NETFramework\v4.8\System.Xml.dll" /debug:pdbonly /filealign:512 /optimize+ /out:obj\Release\HospitalManagementSystem.Web.dll /subsystemversion:6.00 /target:library /utf8output /langversion:7.3 Global.asax.cs Default.aspx.cs Login.aspx.cs Register.aspx.cs Reports.aspx.cs Site.Master.cs Data\DatabaseHelper.cs Data\DbQueries.cs Models\Patient.cs Models\Doctor.cs Models\Department.cs Models\Appointment.cs Models\MedicalRecord.cs Models\Prescription.cs Models\Bill.cs Models\UserAccount.cs Services\PatientService.cs Services\DoctorService.cs Services\DepartmentService.cs Services\AppointmentService.cs Services\MedicalRecordService.cs Services\PrescriptionService.cs Services\BillService.cs Services\UserService.cs Helpers\ValidationHelper.cs Helpers\ExportHelper.cs Helpers\EmailHelper.cs Security\AuthenticationHelper.cs Security\AuthorizationHelper.cs Security\PasswordHasher.cs Pages\Patients\List.aspx.cs Pages\Patients\Add.aspx.cs Pages\Patients\Edit.aspx.cs Pages\Doctors\List.aspx.cs Pages\Doctors\Add.aspx.cs Pages\Doctors\Edit.aspx.cs Pages\Departments\List.aspx.cs Pages\Departments\Add.aspx.cs Pages\Departments\Edit.aspx.cs Pages\Appointments\List.aspx.cs Pages\Appointments\Add.aspx.cs Pages\Appointments\Edit.aspx.cs Pages\MedicalRecords\List.aspx.cs Pages\MedicalRecords\Add.aspx.cs Pages\MedicalRecords\Edit.aspx.cs Pages\Prescriptions\List.aspx.cs Pages\Prescriptions\Add.aspx.cs Pages\Prescriptions\Edit.aspx.cs Pages\Bills\List.aspx.cs Pages\Bills\Add.aspx.cs Pages\Bills\Edit.aspx.cs "obj\Release\.NETFramework,Version=v4.8.AssemblyAttributes.cs"'
  Attempt to open named pipe 'Gk7m1FxCDEbAADvx84h9E7sUIKEhbIJiNtOYPH_QprQ'
  Attempt to connect named pipe 'Gk7m1FxCDEbAADvx84h9E7sUIKEhbIJiNtOYPH_QprQ'
  Named pipe 'Gk7m1FxCDEbAADvx84h9E7sUIKEhbIJiNtOYPH_QprQ' connected
  Begin writing request for HospitalManagementSystem.Web
  End writing request for HospitalManagementSystem.Web
  Begin reading response for HospitalManagementSystem.Web
  End reading response for HospitalManagementSystem.Web
  Microsoft (R) Visual C# Compiler version 5.8.0-1.26319.2 (375c93f06396eff88a355bc473d1586bf71befb5)
  Copyright (C) Microsoft Corporation. All rights reserved.
  CompilerServer: server - server processed compilation - HospitalManagementSystem.Web
Done executing task "Csc".
Done building target "CoreCompile" in project "HospitalManagementSystem.Web.csproj".
Target "AfterCompile" in file "C:\Program Files (x86)\Microsoft Visual Studio\18\BuildTools\MSBuild\Current\Bin\Microsoft.Common.CurrentVersion.targets" from project "c:\Users\malak\Desktop\myprojects\HospitalManagementSystem\HospitalManagementSystem.Web\HospitalManagementSystem.Web.csproj" (target "Compile" depends on it):
Done building target "AfterCompile" in project "HospitalManagementSystem.Web.csproj".
Target "AfterCompileWinFX" in file "C:\WINDOWS\Microsoft.NET\Framework\v4.0.30319\Microsoft.WinFx.targets" from project "c:\Users\malak\Desktop\myprojects\HospitalManagementSystem\HospitalManagementSystem.Web\HospitalManagementSystem.Web.csproj" (target "_AfterCompileWinFXInternal" depends on it):
Done building target "AfterCompileWinFX" in project "HospitalManagementSystem.Web.csproj".
Target "_AfterCompileWinFXInternal" in file "C:\WINDOWS\Microsoft.NET\Framework\v4.0.30319\Microsoft.WinFx.targets" from project "c:\Users\malak\Desktop\myprojects\HospitalManagementSystem\HospitalManagementSystem.Web\HospitalManagementSystem.Web.csproj" (target "Compile" depends on it):
Done building target "_AfterCompileWinFXInternal" in project "HospitalManagementSystem.Web.csproj".
Target "Compile" in file "C:\Program Files (x86)\Microsoft Visual Studio\18\BuildTools\MSBuild\Current\Bin\Microsoft.Common.CurrentVersion.targets" from project "c:\Users\malak\Desktop\myprojects\HospitalManagementSystem\HospitalManagementSystem.Web\HospitalManagementSystem.Web.csproj" (target "CoreBuild" depends on it):
Done building target "Compile" in project "HospitalManagementSystem.Web.csproj".
Target "_GenerateSatelliteAssemblyInputs" in file "C:\Program Files (x86)\Microsoft Visual Studio\18\BuildTools\MSBuild\Current\Bin\Microsoft.Common.CurrentVersion.targets" from project "c:\Users\malak\Desktop\myprojects\HospitalManagementSystem\HospitalManagementSystem.Web\HospitalManagementSystem.Web.csproj" (target "CreateSatelliteAssemblies" depends on it):
Done building target "_GenerateSatelliteAssemblyInputs" in project "HospitalManagementSystem.Web.csproj".
Target "CreateSatelliteAssemblies" in file "C:\Program Files (x86)\Microsoft Visual Studio\18\BuildTools\MSBuild\Current\Bin\Microsoft.Common.CurrentVersion.targets" from project "c:\Users\malak\Desktop\myprojects\HospitalManagementSystem\HospitalManagementSystem.Web\HospitalManagementSystem.Web.csproj" (target "CoreBuild" depends on it):
Done building target "CreateSatelliteAssemblies" in project "HospitalManagementSystem.Web.csproj".
Target "GetTargetPathWithTargetPlatformMoniker" in file "C:\Program Files (x86)\Microsoft Visual Studio\18\BuildTools\MSBuild\Current\Bin\Microsoft.Common.CurrentVersion.targets" from project "c:\Users\malak\Desktop\myprojects\HospitalManagementSystem\HospitalManagementSystem.Web\HospitalManagementSystem.Web.csproj" (target "GetTargetPath" depends on it):
Done building target "GetTargetPathWithTargetPlatformMoniker" in project "HospitalManagementSystem.Web.csproj".
Target "GetTargetPath" in file "C:\Program Files (x86)\Microsoft Visual Studio\18\BuildTools\MSBuild\Current\Bin\Microsoft.Common.CurrentVersion.targets" from project "c:\Users\malak\Desktop\myprojects\HospitalManagementSystem\HospitalManagementSystem.Web\HospitalManagementSystem.Web.csproj" (target "CoreBuild" depends on it):
Done building target "GetTargetPath" in project "HospitalManagementSystem.Web.csproj".
Target "AssignTargetPaths" skipped. Previously built successfully.
Target "_SplitProjectReferencesByFileExistence" skipped. Previously built successfully.
Target "_GetProjectReferenceTargetFrameworkProperties" skipped. Previously built successfully.
Target "_PopulateCommonStateForGetCopyToOutputDirectoryItems" in file "C:\Program Files (x86)\Microsoft Visual Studio\18\BuildTools\MSBuild\Current\Bin\Microsoft.Common.CurrentVersion.targets" from project "c:\Users\malak\Desktop\myprojects\HospitalManagementSystem\HospitalManagementSystem.Web\HospitalManagementSystem.Web.csproj" (target "GetCopyToOutputDirectoryItems" depends on it):
Done building target "_PopulateCommonStateForGetCopyToOutputDirectoryItems" in project "HospitalManagementSystem.Web.csproj".
Target "GetCopyToOutputDirectoryXamlAppDefs" in file "C:\WINDOWS\Microsoft.NET\Framework\v4.0.30319\Microsoft.Xaml.targets" from project "c:\Users\malak\Desktop\myprojects\HospitalManagementSystem\HospitalManagementSystem.Web\HospitalManagementSystem.Web.csproj" (target "GetCopyToOutputDirectoryItems" depends on it):
Task "AssignTargetPath"
Done executing task "AssignTargetPath".
Done building target "GetCopyToOutputDirectoryXamlAppDefs" in project "HospitalManagementSystem.Web.csproj".
Target "GetCopyToOutputDirectoryItems" in file "C:\Program Files (x86)\Microsoft Visual Studio\18\BuildTools\MSBuild\Current\Bin\Microsoft.Common.CurrentVersion.targets" from project "c:\Users\malak\Desktop\myprojects\HospitalManagementSystem\HospitalManagementSystem.Web\HospitalManagementSystem.Web.csproj" (target "_CopySourceItemsToOutputDirectory" depends on it):
Task "CallTarget"
Target "_PopulateCommonStateForGetCopyToOutputDirectoryItems" skipped. Previously built successfully.
Target "_AddOutputPathToGlobalPropertiesToRemove" skipped. Previously built successfully.
Target "_GetCopyToOutputDirectoryItemsFromTransitiveProjectReferences" in file "C:\Program Files (x86)\Microsoft Visual Studio\18\BuildTools\MSBuild\Current\Bin\Microsoft.Common.CurrentVersion.targets" from project "c:\Users\malak\Desktop\myprojects\HospitalManagementSystem\HospitalManagementSystem.Web\HospitalManagementSystem.Web.csproj" (target "GetCopyToOutputDirectoryItems" depends on it):
Task "AssignTargetPath"
Done executing task "AssignTargetPath".
Done building target "_GetCopyToOutputDirectoryItemsFromTransitiveProjectReferences" in project "HospitalManagementSystem.Web.csproj".
Done executing task "CallTarget".
Task "CallTarget"
Target "AssignTargetPaths" skipped. Previously built successfully.
Target "_PopulateCommonStateForGetCopyToOutputDirectoryItems" skipped. Previously built successfully.
Target "_GetCopyToOutputDirectoryItemsFromThisProject" in file "C:\Program Files (x86)\Microsoft Visual Studio\18\BuildTools\MSBuild\Current\Bin\Microsoft.Common.CurrentVersion.targets" from project "c:\Users\malak\Desktop\myprojects\HospitalManagementSystem\HospitalManagementSystem.Web\HospitalManagementSystem.Web.csproj" (target "GetCopyToOutputDirectoryItems" depends on it):
Task "AssignTargetPath"
Done executing task "AssignTargetPath".
Done building target "_GetCopyToOutputDirectoryItemsFromThisProject" in project "HospitalManagementSystem.Web.csproj".
Done executing task "CallTarget".
Done building target "GetCopyToOutputDirectoryItems" in project "HospitalManagementSystem.Web.csproj".
Target "_CopySourceItemsToOutputDirectory" in file "C:\Program Files (x86)\Microsoft Visual Studio\18\BuildTools\MSBuild\Current\Bin\Microsoft.Common.CurrentVersion.targets" from project "c:\Users\malak\Desktop\myprojects\HospitalManagementSystem\HospitalManagementSystem.Web\HospitalManagementSystem.Web.csproj" (target "CopyFilesToOutputDirectory" depends on it):
Done building target "_CopySourceItemsToOutputDirectory" in project "HospitalManagementSystem.Web.csproj".
Target "_CopyAppConfigFile" in file "C:\Program Files (x86)\Microsoft Visual Studio\18\BuildTools\MSBuild\Current\Bin\Microsoft.Common.CurrentVersion.targets" from project "c:\Users\malak\Desktop\myprojects\HospitalManagementSystem\HospitalManagementSystem.Web\HospitalManagementSystem.Web.csproj" (target "CopyFilesToOutputDirectory" depends on it):
Building target "_CopyAppConfigFile" completely.
Output file "bin\HospitalManagementSystem.Web.dll.config" does not exist.
Using "Copy" task from assembly "Microsoft.Build.Tasks.Core, Version=15.1.0.0, Culture=neutral, PublicKeyToken=b03f5f7f11d50a3a".
Task "Copy"
  Copying file from "c:\Users\malak\Desktop\myprojects\HospitalManagementSystem\HospitalManagementSystem.Web\Web.config" to "c:\Users\malak\Desktop\myprojects\HospitalManagementSystem\HospitalManagementSystem.Web\bin\HospitalManagementSystem.Web.dll.config".
Done executing task "Copy".
Done building target "_CopyAppConfigFile" in project "HospitalManagementSystem.Web.csproj".
Target "_CheckForCompileOutputs" in file "C:\Program Files (x86)\Microsoft Visual Studio\18\BuildTools\MSBuild\Current\Bin\Microsoft.Common.CurrentVersion.targets" from project "c:\Users\malak\Desktop\myprojects\HospitalManagementSystem\HospitalManagementSystem.Web\HospitalManagementSystem.Web.csproj" (target "CopyFilesToOutputDirectory" depends on it):
Done building target "_CheckForCompileOutputs" in project "HospitalManagementSystem.Web.csproj".
Target "CopyFilesToOutputDirectory" in file "C:\Program Files (x86)\Microsoft Visual Studio\18\BuildTools\MSBuild\Current\Bin\Microsoft.Common.CurrentVersion.targets" from project "c:\Users\malak\Desktop\myprojects\HospitalManagementSystem\HospitalManagementSystem.Web\HospitalManagementSystem.Web.csproj" (target "PrepareForRun" depends on it):
Task "Copy"
  Copying file from "c:\Users\malak\Desktop\myprojects\HospitalManagementSystem\HospitalManagementSystem.Web\obj\Release\HospitalManagementSystem.Web.dll" to "c:\Users\malak\Desktop\myprojects\HospitalManagementSystem\HospitalManagementSystem.Web\bin\HospitalManagementSystem.Web.dll".
Done executing task "Copy".
Task "Message"
  HospitalManagementSystem.Web -> c:\Users\malak\Desktop\myprojects\HospitalManagementSystem\HospitalManagementSystem.Web\bin\HospitalManagementSystem.Web.dll
Done executing task "Message".
Task "Copy"
  Copying file from "c:\Users\malak\Desktop\myprojects\HospitalManagementSystem\HospitalManagementSystem.Web\obj\Release\HospitalManagementSystem.Web.pdb" to "c:\Users\malak\Desktop\myprojects\HospitalManagementSystem\HospitalManagementSystem.Web\bin\HospitalManagementSystem.Web.pdb".
Done executing task "Copy".
Done building target "CopyFilesToOutputDirectory" in project "HospitalManagementSystem.Web.csproj".
Target "CopySilverlightApplications" in file "C:\Program Files (x86)\Microsoft Visual Studio\18\BuildTools\MSBuild\Microsoft\VisualStudio\v18.0\WebApplications\Microsoft.WebApplication.targets" from project "c:\Users\malak\Desktop\myprojects\HospitalManagementSystem\HospitalManagementSystem.Web\HospitalManagementSystem.Web.csproj" (target "PrepareForRun" depends on it):
Done building target "CopySilverlightApplications" in project "HospitalManagementSystem.Web.csproj".
Target "_BuiltWebOutputGroupOutput" in file "C:\Program Files (x86)\Microsoft Visual Studio\18\BuildTools\MSBuild\Microsoft\VisualStudio\v18.0\WebApplications\Microsoft.WebApplication.targets" from project "c:\Users\malak\Desktop\myprojects\HospitalManagementSystem\HospitalManagementSystem.Web\HospitalManagementSystem.Web.csproj" (target "PrepareForRun" depends on it):
Using "CreateItem" task from assembly "Microsoft.Build.Tasks.Core, Version=15.1.0.0, Culture=neutral, PublicKeyToken=b03f5f7f11d50a3a".
Task "CreateItem"
Done executing task "CreateItem".
Done building target "_BuiltWebOutputGroupOutput" in project "HospitalManagementSystem.Web.csproj".
Target "PrepareForRun" in file "C:\Program Files (x86)\Microsoft Visual Studio\18\BuildTools\MSBuild\Current\Bin\Microsoft.Common.CurrentVersion.targets" from project "c:\Users\malak\Desktop\myprojects\HospitalManagementSystem\HospitalManagementSystem.Web\HospitalManagementSystem.Web.csproj" (target "CoreBuild" depends on it):
Done building target "PrepareForRun" in project "HospitalManagementSystem.Web.csproj".
Target "_CheckForCompileOutputs" skipped. Previously built successfully.
Target "_CleanGetCurrentAndPriorFileWrites" in file "C:\Program Files (x86)\Microsoft Visual Studio\18\BuildTools\MSBuild\Current\Bin\Microsoft.Common.CurrentVersion.targets" from project "c:\Users\malak\Desktop\myprojects\HospitalManagementSystem\HospitalManagementSystem.Web\HospitalManagementSystem.Web.csproj" (target "IncrementalClean" depends on it):
Task "ReadLinesFromFile"
Done executing task "ReadLinesFromFile".
Using "ConvertToAbsolutePath" task from assembly "Microsoft.Build.Tasks.Core, Version=15.1.0.0, Culture=neutral, PublicKeyToken=b03f5f7f11d50a3a".
Task "ConvertToAbsolutePath"
Done executing task "ConvertToAbsolutePath".
Task "FindUnderPath"
  Comparison path is "c:\Users\malak\Desktop\myprojects\HospitalManagementSystem\HospitalManagementSystem.Web".
Done executing task "FindUnderPath".
Task "FindUnderPath"
  Comparison path is "bin\".
Done executing task "FindUnderPath".
Task "FindUnderPath"
  Comparison path is "obj\Release\".
Done executing task "FindUnderPath".
Task "RemoveDuplicates"
Done executing task "RemoveDuplicates".
Done building target "_CleanGetCurrentAndPriorFileWrites" in project "HospitalManagementSystem.Web.csproj".
Target "IncrementalClean" in file "C:\Program Files (x86)\Microsoft Visual Studio\18\BuildTools\MSBuild\Current\Bin\Microsoft.Common.CurrentVersion.targets" from project "c:\Users\malak\Desktop\myprojects\HospitalManagementSystem\HospitalManagementSystem.Web\HospitalManagementSystem.Web.csproj" (target "CoreBuild" depends on it):
Task "FindUnderPath"
  Comparison path is "bin\".
Done executing task "FindUnderPath".
Task "FindUnderPath"
  Comparison path is "obj\Release\".
Done executing task "FindUnderPath".
Task "Delete"
Done executing task "Delete".
Task "RemoveDuplicates"
Done executing task "RemoveDuplicates".
Task "WriteLinesToFile"
Done executing task "WriteLinesToFile".
Done building target "IncrementalClean" in project "HospitalManagementSystem.Web.csproj".
Target "CoreBuild" in file "C:\Program Files (x86)\Microsoft Visual Studio\18\BuildTools\MSBuild\Current\Bin\Microsoft.Common.CurrentVersion.targets" from project "c:\Users\malak\Desktop\myprojects\HospitalManagementSystem\HospitalManagementSystem.Web\HospitalManagementSystem.Web.csproj" (target "Build" depends on it):
Done building target "CoreBuild" in project "HospitalManagementSystem.Web.csproj".
Target "AfterBuild" in file "C:\Program Files (x86)\Microsoft Visual Studio\18\BuildTools\MSBuild\Current\Bin\Microsoft.Common.CurrentVersion.targets" from project "c:\Users\malak\Desktop\myprojects\HospitalManagementSystem\HospitalManagementSystem.Web\HospitalManagementSystem.Web.csproj" (target "Build" depends on it):
Done building target "AfterBuild" in project "HospitalManagementSystem.Web.csproj".
Target "Build" in file "C:\Program Files (x86)\Microsoft Visual Studio\18\BuildTools\MSBuild\Current\Bin\Microsoft.Common.CurrentVersion.targets" from project "c:\Users\malak\Desktop\myprojects\HospitalManagementSystem\HospitalManagementSystem.Web\HospitalManagementSystem.Web.csproj" (target "Rebuild" depends on it):
Done building target "Build" in project "HospitalManagementSystem.Web.csproj".
Target "AfterRebuild" in file "C:\Program Files (x86)\Microsoft Visual Studio\18\BuildTools\MSBuild\Current\Bin\Microsoft.Common.CurrentVersion.targets" from project "c:\Users\malak\Desktop\myprojects\HospitalManagementSystem\HospitalManagementSystem.Web\HospitalManagementSystem.Web.csproj" (target "Rebuild" depends on it):
Done building target "AfterRebuild" in project "HospitalManagementSystem.Web.csproj".
Target "_CheckForInvalidConfigurationAndPlatform" skipped. Previously built successfully.
Target "Rebuild" in file "C:\Program Files (x86)\Microsoft Visual Studio\18\BuildTools\MSBuild\Current\Bin\Microsoft.Common.CurrentVersion.targets" from project "c:\Users\malak\Desktop\myprojects\HospitalManagementSystem\HospitalManagementSystem.Web\HospitalManagementSystem.Web.csproj" (entry point):
Done building target "Rebuild" in project "HospitalManagementSystem.Web.csproj".
Done Building Project "c:\Users\malak\Desktop\myprojects\HospitalManagementSystem\HospitalManagementSystem.Web\HospitalManagementSystem.Web.csproj" (Rebuild target(s)).

Build succeeded.
    0 Warning(s)
    0 Error(s)

FileLogger wrote to: c:\Users\malak\Desktop\myprojects\HospitalManagementSystem\build-controls.log

Time Elapsed 00:00:00.98
